date,value,stimulating,threshold,intensity
2018-08-27 19:20:59,13,0,85,7
2018-08-27 19:20:59,13,0,85,7
2018-08-27 19:20:59,13,0,85,7
2018-08-27 19:20:59,13,0,85,7
2018-08-27 19:20:59,13,0,85,7
2018-08-27 19:20:59,13,0,85,7
2018-08-27 19:20:59,13,0,85,7
2018-08-27 19:20:59,13,0,85,7
2018-08-27 19:20:59,13,0,85,7
2018-08-27 19:20:59,13,0,85,7
2018-08-27 19:20:59,13,0,85,7
2018-08-27 19:20:59,13,0,85,7
2018-08-27 19:20:59,13,0,85,7
2018-08-27 19:20:59,13,0,85,7
2018-08-27 19:20:59,13,0,85,7
2018-08-27 19:20:59,13,0,85,7
2018-08-27 19:20:59,13,0,85,7
2018-08-27 19:20:59,13,0,85,7
2018-08-27 19:20:59,13,0,85,7
2018-08-27 19:20:59,13,0,85,7
2018-08-27 19:20:59,13,0,85,7
2018-08-27 19:20:59,13,0,85,7
2018-08-27 19:20:59,13,0,85,7
2018-08-27 19:20:59,13,0,85,7
2018-08-27 19:20:59,13,0,85,7
2018-08-27 19:20:59,13,0,85,7
2018-08-27 19:20:59,13,0,85,7
2018-08-27 19:20:59,13,0,85,7
2018-08-27 19:20:59,13,0,85,7
2018-08-27 19:20:59,13,0,85,7
2018-08-27 19:20:59,13,0,85,7
2018-08-27 19:20:59,13,0,85,7
2018-08-27 19:20:59,13,0,85,7
2018-08-27 19:20:59,13,0,85,7
2018-08-27 19:20:59,13,0,85,7
2018-08-27 19:20:59,13,0,85,7
2018-08-27 19:20:59,13,0,85,7
2018-08-27 19:20:59,13,0,85,7
2018-08-27 19:20:59,13,0,85,7
2018-08-27 19:20:59,13,0,85,7
2018-08-27 19:20:59,13,0,85,7
2018-08-27 19:20:59,13,0,85,7
2018-08-27 19:20:59,13,0,85,7
2018-08-27 19:20:59,13,0,85,7
2018-08-27 19:20:59,13,0,85,7
2018-08-27 19:20:59,13,0,85,7
2018-08-27 19:20:59,13,0,85,7
2018-08-27 19:20:59,13,0,85,7
2018-08-27 19:20:59,13,0,85,7
2018-08-27 19:20:59,13,0,85,7
2018-08-27 19:20:59,13,0,85,7
2018-08-27 19:20:59,13,0,85,7
2018-08-27 19:20:59,13,0,85,7
2018-08-27 19:20:59,13,0,85,7
2018-08-27 19:20:59,13,0,85,7
2018-08-27 19:20:59,13,0,85,7
2018-08-27 19:20:59,13,0,85,7
2018-08-27 19:20:59,13,0,85,7
2018-08-27 19:20:59,13,0,85,7
2018-08-27 19:20:59,13,0,85,7
2018-08-27 19:20:59,13,0,85,7
2018-08-27 19:20:59,13,0,85,7
2018-08-27 19:20:59,13,0,85,7
2018-08-27 19:20:59,13,0,85,7
2018-08-27 19:20:59,13,0,85,7
2018-08-27 19:20:59,13,0,85,7
2018-08-27 19:20:59,13,0,85,7
2018-08-27 19:20:59,13,0,85,7
2018-08-27 19:20:59,13,0,85,7
2018-08-27 19:20:59,13,0,85,7
2018-08-27 19:20:59,13,0,85,7
2018-08-27 19:20:59,13,0,85,7
2018-08-27 19:20:59,13,0,85,7
2018-08-27 19:20:59,13,0,85,7
2018-08-27 19:20:59,13,0,85,7
2018-08-27 19:20:59,13,0,85,7
2018-08-27 19:20:59,13,0,85,7
2018-08-27 19:20:59,13,0,85,7
2018-08-27 19:20:59,13,0,85,7
2018-08-27 19:20:59,13,0,85,7
2018-08-27 19:20:59,13,0,85,7
2018-08-27 19:20:59,13,0,85,7
2018-08-27 19:20:59,13,0,85,7
2018-08-27 19:20:59,13,0,85,7
2018-08-27 19:20:59,13,0,85,7
2018-08-27 19:20:59,13,0,85,7
2018-08-27 19:20:59,13,0,85,7
2018-08-27 19:20:59,13,0,85,7
2018-08-27 19:20:59,13,0,85,7
2018-08-27 19:20:59,13,0,85,7
2018-08-27 19:20:59,13,0,85,7
2018-08-27 19:20:59,13,0,85,7
2018-08-27 19:20:59,13,0,85,7
2018-08-27 19:20:59,13,0,85,7
2018-08-27 19:20:59,13,0,85,7
2018-08-27 19:20:59,12,0,85,7
2018-08-27 19:20:59,13,0,85,7
2018-08-27 19:20:59,12,0,85,7
2018-08-27 19:20:59,12,0,85,7
2018-08-27 19:20:59,12,0,85,7
2018-08-27 19:20:59,12,0,85,7
2018-08-27 19:20:59,12,0,85,7
2018-08-27 19:20:59,12,0,85,7
2018-08-27 19:20:59,12,0,85,7
2018-08-27 19:20:59,12,0,85,7
2018-08-27 19:20:59,12,0,85,7
2018-08-27 19:20:59,12,0,85,7
2018-08-27 19:20:59,12,0,85,7
2018-08-27 19:20:59,12,0,85,7
2018-08-27 19:21:00,12,0,85,7
2018-08-27 19:21:00,12,0,85,7
2018-08-27 19:21:00,12,0,85,7
2018-08-27 19:21:00,12,0,85,7
2018-08-27 19:21:00,12,0,85,7
2018-08-27 19:21:00,12,0,85,7
2018-08-27 19:21:00,12,0,85,7
2018-08-27 19:21:00,12,0,85,7
2018-08-27 19:21:00,12,0,85,7
2018-08-27 19:21:00,12,0,85,7
2018-08-27 19:21:00,12,0,85,7
2018-08-27 19:21:00,12,0,85,7
2018-08-27 19:21:00,12,0,85,7
2018-08-27 19:21:00,12,0,85,7
2018-08-27 19:21:00,12,0,85,7
2018-08-27 19:21:00,12,0,85,7
2018-08-27 19:21:00,12,0,85,7
2018-08-27 19:21:00,12,0,85,7
2018-08-27 19:21:00,12,0,85,7
2018-08-27 19:21:00,12,0,85,7
2018-08-27 19:21:00,12,0,85,7
2018-08-27 19:21:00,12,0,85,7
2018-08-27 19:21:00,12,0,85,7
2018-08-27 19:21:00,12,0,85,7
2018-08-27 19:21:00,12,0,85,7
2018-08-27 19:21:00,12,0,85,7
2018-08-27 19:21:00,12,0,85,7
2018-08-27 19:21:00,12,0,85,7
2018-08-27 19:21:00,12,0,85,7
2018-08-27 19:21:00,12,0,85,7
2018-08-27 19:21:00,12,0,85,7
2018-08-27 19:21:00,12,0,85,7
2018-08-27 19:21:00,12,0,85,7
2018-08-27 19:21:00,12,0,85,7
2018-08-27 19:21:00,12,0,85,7
2018-08-27 19:21:00,12,0,85,7
2018-08-27 19:21:00,12,0,85,7
2018-08-27 19:21:00,12,0,85,7
2018-08-27 19:21:00,12,0,85,7
2018-08-27 19:21:00,12,0,85,7
2018-08-27 19:21:00,12,0,85,7
2018-08-27 19:21:00,12,0,85,7
2018-08-27 19:21:00,12,0,85,7
2018-08-27 19:21:00,12,0,85,7
2018-08-27 19:21:00,12,0,85,7
2018-08-27 19:21:00,12,0,85,7
2018-08-27 19:21:00,12,0,85,7
2018-08-27 19:21:00,12,0,85,7
2018-08-27 19:21:00,12,0,85,7
2018-08-27 19:21:00,12,0,85,7
2018-08-27 19:21:00,12,0,85,7
2018-08-27 19:21:00,12,0,85,7
2018-08-27 19:21:00,12,0,85,7
2018-08-27 19:21:00,12,0,85,7
2018-08-27 19:21:00,12,0,85,7
2018-08-27 19:21:00,12,0,85,7
2018-08-27 19:21:00,12,0,85,7
2018-08-27 19:21:00,12,0,85,7
2018-08-27 19:21:00,12,0,85,7
2018-08-27 19:21:00,12,0,85,7
2018-08-27 19:21:00,12,0,85,7
2018-08-27 19:21:00,12,0,85,7
2018-08-27 19:21:00,12,0,85,7
2018-08-27 19:21:00,12,0,85,7
2018-08-27 19:21:00,12,0,85,7
2018-08-27 19:21:00,12,0,85,7
2018-08-27 19:21:00,12,0,85,7
2018-08-27 19:21:00,12,0,85,7
2018-08-27 19:21:00,12,0,85,7
2018-08-27 19:21:00,12,0,85,7
2018-08-27 19:21:00,12,0,85,7
2018-08-27 19:21:00,12,0,85,7
2018-08-27 19:21:00,12,0,85,7
2018-08-27 19:21:00,12,0,85,7
2018-08-27 19:21:00,12,0,85,7
2018-08-27 19:21:00,12,0,85,7
2018-08-27 19:21:00,12,0,85,7
2018-08-27 19:21:00,12,0,85,7
2018-08-27 19:21:00,12,0,85,7
2018-08-27 19:21:00,12,0,85,7
2018-08-27 19:21:00,12,0,85,7
2018-08-27 19:21:00,12,0,85,7
2018-08-27 19:21:00,12,0,85,7
2018-08-27 19:21:00,12,0,85,7
2018-08-27 19:21:00,12,0,85,7
2018-08-27 19:21:00,12,0,85,7
2018-08-27 19:21:00,12,0,85,7
2018-08-27 19:21:00,12,0,85,7
2018-08-27 19:21:00,12,0,85,7
2018-08-27 19:21:00,12,0,85,7
2018-08-27 19:21:00,12,0,85,7
2018-08-27 19:21:00,12,0,85,7
2018-08-27 19:21:00,12,0,85,7
2018-08-27 19:21:00,12,0,85,7
2018-08-27 19:21:00,12,0,85,7
2018-08-27 19:21:00,12,0,85,7
2018-08-27 19:21:00,12,0,85,7
2018-08-27 19:21:00,12,0,85,7
2018-08-27 19:21:00,12,0,85,7
2018-08-27 19:21:00,12,0,85,7
2018-08-27 19:21:00,12,0,85,7
2018-08-27 19:21:00,12,0,85,7
2018-08-27 19:21:00,12,0,85,7
2018-08-27 19:21:00,12,0,85,7
2018-08-27 19:21:00,12,0,85,7
2018-08-27 19:21:00,12,0,85,7
2018-08-27 19:21:00,12,0,85,7
2018-08-27 19:21:00,12,0,85,7
2018-08-27 19:21:00,12,0,85,7
2018-08-27 19:21:00,12,0,85,7
2018-08-27 19:21:00,12,0,85,7
2018-08-27 19:21:00,12,0,85,7
2018-08-27 19:21:00,12,0,85,7
2018-08-27 19:21:00,12,0,85,7
2018-08-27 19:21:00,12,0,85,7
2018-08-27 19:21:00,12,0,85,7
2018-08-27 19:21:00,12,0,85,7
2018-08-27 19:21:00,12,0,85,7
2018-08-27 19:21:01,12,0,85,7
2018-08-27 19:21:01,12,0,85,7
2018-08-27 19:21:01,12,0,85,7
2018-08-27 19:21:01,12,0,85,7
2018-08-27 19:21:01,12,0,85,7
2018-08-27 19:21:01,12,0,85,7
2018-08-27 19:21:01,12,0,85,7
2018-08-27 19:21:01,12,0,85,7
2018-08-27 19:21:01,12,0,85,7
2018-08-27 19:21:01,12,0,85,7
2018-08-27 19:21:01,12,0,85,7
2018-08-27 19:21:01,12,0,91,7
2018-08-27 19:21:01,12,0,91,7
2018-08-27 19:21:01,12,0,91,7
2018-08-27 19:21:01,12,0,91,7
2018-08-27 19:21:01,12,0,91,7
2018-08-27 19:21:01,12,0,91,7
2018-08-27 19:21:01,12,0,91,7
2018-08-27 19:21:01,12,0,91,7
2018-08-27 19:21:01,12,0,91,7
2018-08-27 19:21:01,12,0,91,7
2018-08-27 19:21:01,12,0,91,7
2018-08-27 19:21:01,12,0,91,7
2018-08-27 19:21:01,12,0,91,7
2018-08-27 19:21:01,12,0,91,7
2018-08-27 19:21:01,12,0,91,7
2018-08-27 19:21:01,12,0,91,7
2018-08-27 19:21:01,12,0,91,7
2018-08-27 19:21:01,12,0,91,7
2018-08-27 19:21:01,12,0,91,7
2018-08-27 19:21:01,12,0,91,7
2018-08-27 19:21:01,12,0,91,7
2018-08-27 19:21:01,12,0,91,7
2018-08-27 19:21:01,12,0,91,7
2018-08-27 19:21:01,12,0,91,7
2018-08-27 19:21:01,12,0,91,7
2018-08-27 19:21:01,12,0,91,7
2018-08-27 19:21:01,12,0,91,7
2018-08-27 19:21:01,12,0,91,7
2018-08-27 19:21:01,12,0,91,7
2018-08-27 19:21:01,12,0,91,7
2018-08-27 19:21:01,12,0,91,7
2018-08-27 19:21:01,12,0,91,7
2018-08-27 19:21:01,12,0,91,7
2018-08-27 19:21:01,12,0,91,7
2018-08-27 19:21:01,12,0,91,7
2018-08-27 19:21:01,12,0,91,7
2018-08-27 19:21:01,12,0,91,7
2018-08-27 19:21:01,12,0,91,7
2018-08-27 19:21:01,12,0,91,7
2018-08-27 19:21:01,12,0,91,7
2018-08-27 19:21:01,12,0,91,7
2018-08-27 19:21:01,12,0,91,7
2018-08-27 19:21:01,12,0,91,7
2018-08-27 19:21:01,12,0,91,7
2018-08-27 19:21:01,12,0,91,7
2018-08-27 19:21:01,12,0,91,7
2018-08-27 19:21:01,12,0,91,7
2018-08-27 19:21:01,12,0,91,7
2018-08-27 19:21:01,12,0,91,7
2018-08-27 19:21:01,12,0,91,7
2018-08-27 19:21:01,12,0,91,7
2018-08-27 19:21:01,12,0,91,7
2018-08-27 19:21:01,12,0,91,7
2018-08-27 19:21:01,12,0,91,7
2018-08-27 19:21:01,12,0,91,7
2018-08-27 19:21:02,12,0,91,7
2018-08-27 19:21:02,12,0,91,7
2018-08-27 19:21:02,12,0,91,7
2018-08-27 19:21:02,12,0,91,7
2018-08-27 19:21:02,12,0,91,7
2018-08-27 19:21:02,12,0,91,7
2018-08-27 19:21:02,12,0,91,7
2018-08-27 19:21:02,12,0,91,7
2018-08-27 19:21:02,12,0,91,7
2018-08-27 19:21:02,12,0,91,7
2018-08-27 19:21:02,12,0,91,7
2018-08-27 19:21:02,12,0,91,7
2018-08-27 19:21:02,12,0,91,7
2018-08-27 19:21:02,12,0,91,7
2018-08-27 19:21:02,12,0,91,7
2018-08-27 19:21:02,12,0,91,7
2018-08-27 19:21:02,12,0,91,7
2018-08-27 19:21:02,12,0,91,7
2018-08-27 19:21:02,12,0,91,7
2018-08-27 19:21:02,12,0,91,7
2018-08-27 19:21:02,12,0,91,7
2018-08-27 19:21:02,12,0,91,7
2018-08-27 19:21:02,12,0,91,7
2018-08-27 19:21:02,12,0,91,7
2018-08-27 19:21:02,12,0,91,7
2018-08-27 19:21:02,12,0,91,7
2018-08-27 19:21:02,12,0,91,7
2018-08-27 19:21:02,12,0,91,7
2018-08-27 19:21:02,12,0,91,7
2018-08-27 19:21:02,12,0,91,7
2018-08-27 19:21:02,12,0,91,7
2018-08-27 19:21:02,12,0,91,7
2018-08-27 19:21:02,12,0,91,7
2018-08-27 19:21:02,12,0,91,7
2018-08-27 19:21:02,12,0,91,7
2018-08-27 19:21:02,12,0,91,7
2018-08-27 19:21:02,12,0,91,7
2018-08-27 19:21:02,12,0,91,7
2018-08-27 19:21:02,12,0,91,7
2018-08-27 19:21:02,12,0,91,7
2018-08-27 19:21:02,12,0,91,7
2018-08-27 19:21:02,12,0,91,7
2018-08-27 19:21:02,12,0,91,7
2018-08-27 19:21:02,12,0,91,7
2018-08-27 19:21:02,12,0,91,7
2018-08-27 19:21:02,12,0,91,7
2018-08-27 19:21:02,12,0,91,7
2018-08-27 19:21:02,12,0,91,7
2018-08-27 19:21:02,12,0,91,7
2018-08-27 19:21:02,12,0,91,7
2018-08-27 19:21:02,12,0,91,7
2018-08-27 19:21:02,12,0,91,7
2018-08-27 19:21:02,12,0,91,7
2018-08-27 19:21:02,12,0,91,7
2018-08-27 19:21:02,12,0,91,7
2018-08-27 19:21:02,12,0,91,7
2018-08-27 19:21:02,12,0,91,7
2018-08-27 19:21:02,12,0,91,7
2018-08-27 19:21:02,12,0,91,7
2018-08-27 19:21:02,12,0,91,7
2018-08-27 19:21:02,12,0,91,7
2018-08-27 19:21:02,12,0,91,7
2018-08-27 19:21:02,12,0,91,7
2018-08-27 19:21:02,12,0,91,7
2018-08-27 19:21:02,12,,91,7
2018-08-27 19:21:02,12,0,91,7
2018-08-27 19:21:02,12,0,91,7
2018-08-27 19:21:02,12,0,91,7
2018-08-27 19:21:02,12,0,91,7
2018-08-27 19:21:02,12,0,91,7
2018-08-27 19:21:02,12,0,91,7
2018-08-27 19:21:02,12,0,91,7
2018-08-27 19:21:02,12,0,91,7
2018-08-27 19:21:02,12,0,91,7
2018-08-27 19:21:02,12,0,91,7
2018-08-27 19:21:02,12,0,91,7
2018-08-27 19:21:02,12,0,91,7
2018-08-27 19:21:02,12,0,91,7
2018-08-27 19:21:02,12,0,91,7
2018-08-27 19:21:02,12,0,91,7
2018-08-27 19:21:02,12,0,91,7
2018-08-27 19:21:02,12,0,91,7
2018-08-27 19:21:02,12,0,91,7
2018-08-27 19:21:02,12,0,91,7
2018-08-27 19:21:02,12,0,91,7
2018-08-27 19:21:02,12,0,91,7
2018-08-27 19:21:02,12,0,91,7
2018-08-27 19:21:02,12,0,91,7
2018-08-27 19:21:02,12,0,91,7
2018-08-27 19:21:02,12,0,91,7
2018-08-27 19:21:02,12,0,91,7
2018-08-27 19:21:02,12,0,91,7
2018-08-27 19:21:02,12,0,91,7
2018-08-27 19:21:02,12,0,91,7
2018-08-27 19:21:02,12,0,91,7
2018-08-27 19:21:02,12,0,91,7
2018-08-27 19:21:02,12,0,91,7
2018-08-27 19:21:02,12,0,91,7
2018-08-27 19:21:02,12,0,91,7
2018-08-27 19:21:02,12,0,91,7
2018-08-27 19:21:02,12,0,91,7
2018-08-27 19:21:02,12,0,91,7
2018-08-27 19:21:02,12,0,91,7
2018-08-27 19:21:02,12,0,91,7
2018-08-27 19:21:02,12,0,91,7
2018-08-27 19:21:02,12,0,91,7
2018-08-27 19:21:02,12,0,91,7
2018-08-27 19:21:02,12,0,91,7
2018-08-27 19:21:02,12,0,91,7
2018-08-27 19:21:02,12,0,91,7
2018-08-27 19:21:02,12,0,91,7
2018-08-27 19:21:02,12,0,91,7
2018-08-27 19:21:02,12,0,91,7
2018-08-27 19:21:02,12,0,91,7
2018-08-27 19:21:02,12,0,91,7
2018-08-27 19:21:02,12,0,91,7
2018-08-27 19:21:02,12,0,91,7
2018-08-27 19:21:03,12,0,91,7
2018-08-27 19:21:03,12,0,91,7
2018-08-27 19:21:03,12,0,91,7
2018-08-27 19:21:03,12,0,91,7
2018-08-27 19:21:03,12,0,91,7
2018-08-27 19:21:03,12,0,91,7
2018-08-27 19:21:03,12,0,91,7
2018-08-27 19:21:03,12,0,91,7
2018-08-27 19:21:03,12,0,91,7
2018-08-27 19:21:03,12,0,91,7
2018-08-27 19:21:03,12,0,91,7
2018-08-27 19:21:03,12,0,91,7
2018-08-27 19:21:03,12,0,91,7
2018-08-27 19:21:03,12,0,91,7
2018-08-27 19:21:03,12,0,91,7
2018-08-27 19:21:03,12,0,91,7
2018-08-27 19:21:03,12,0,91,7
2018-08-27 19:21:03,12,0,91,7
2018-08-27 19:21:03,12,0,91,7
2018-08-27 19:21:03,12,0,91,7
2018-08-27 19:21:03,12,0,91,7
2018-08-27 19:21:03,12,0,91,7
2018-08-27 19:21:03,12,0,91,7
2018-08-27 19:21:03,12,0,91,7
2018-08-27 19:21:03,12,0,91,7
2018-08-27 19:21:03,12,0,91,7
2018-08-27 19:21:03,12,0,91,7
2018-08-27 19:21:03,12,0,91,7
2018-08-27 19:21:03,12,0,91,7
2018-08-27 19:21:03,12,0,91,7
2018-08-27 19:21:03,12,0,91,7
2018-08-27 19:21:03,12,0,91,7
2018-08-27 19:21:03,12,0,91,7
2018-08-27 19:21:03,12,0,91,7
2018-08-27 19:21:03,12,0,91,7
2018-08-27 19:21:03,12,0,91,7
2018-08-27 19:21:03,12,0,91,7
2018-08-27 19:21:03,12,0,91,7
2018-08-27 19:21:03,12,0,91,7
2018-08-27 19:21:03,12,0,91,7
2018-08-27 19:21:03,12,0,91,7
2018-08-27 19:21:03,12,0,91,7
2018-08-27 19:21:03,12,0,91,7
2018-08-27 19:21:03,12,0,91,7
2018-08-27 19:21:03,12,0,91,7
2018-08-27 19:21:03,12,0,91,7
2018-08-27 19:21:03,12,0,91,7
2018-08-27 19:21:03,12,0,91,7
2018-08-27 19:21:03,12,0,91,7
2018-08-27 19:21:03,12,0,91,7
2018-08-27 19:21:03,12,0,91,7
2018-08-27 19:21:03,12,0,91,7
2018-08-27 19:21:03,12,0,91,7
2018-08-27 19:21:03,12,0,91,7
2018-08-27 19:21:03,12,0,91,7
2018-08-27 19:21:03,12,0,91,7
2018-08-27 19:21:03,12,0,91,7
2018-08-27 19:21:03,12,0,91,7
2018-08-27 19:21:03,12,0,91,7
2018-08-27 19:21:03,12,0,91,7
2018-08-27 19:21:03,12,0,91,7
2018-08-27 19:21:03,12,0,91,7
2018-08-27 19:21:03,12,0,91,7
2018-08-27 19:21:03,12,0,91,7
2018-08-27 19:21:03,12,0,91,7
2018-08-27 19:21:03,12,0,91,7
2018-08-27 19:21:03,12,0,91,7
2018-08-27 19:21:03,12,0,91,7
2018-08-27 19:21:03,12,0,91,7
2018-08-27 19:21:03,12,0,91,7
2018-08-27 19:21:03,12,0,91,7
2018-08-27 19:21:03,12,0,91,7
2018-08-27 19:21:03,12,0,91,7
2018-08-27 19:21:03,12,0,91,7
2018-08-27 19:21:03,12,0,91,7
2018-08-27 19:21:03,12,0,91,7
2018-08-27 19:21:03,12,0,91,7
2018-08-27 19:21:03,12,0,91,7
2018-08-27 19:21:03,12,0,91,7
2018-08-27 19:21:03,12,0,91,7
2018-08-27 19:21:03,12,0,91,7
2018-08-27 19:21:03,12,0,91,7
2018-08-27 19:21:03,12,0,91,7
2018-08-27 19:21:03,12,0,91,7
2018-08-27 19:21:03,12,0,91,7
2018-08-27 19:21:03,12,0,91,7
2018-08-27 19:21:03,12,0,91,7
2018-08-27 19:21:03,12,0,91,7
2018-08-27 19:21:03,12,0,91,7
2018-08-27 19:21:03,12,0,91,7
2018-08-27 19:21:03,12,0,91,7
2018-08-27 19:21:03,12,0,91,7
2018-08-27 19:21:03,12,0,91,7
2018-08-27 19:21:03,12,0,91,7
2018-08-27 19:21:03,12,0,91,7
2018-08-27 19:21:03,12,0,91,7
2018-08-27 19:21:03,12,0,91,7
2018-08-27 19:21:03,12,0,91,7
2018-08-27 19:21:03,12,0,91,7
2018-08-27 19:21:03,12,0,91,7
2018-08-27 19:21:03,12,0,91,7
2018-08-27 19:21:03,12,0,91,7
2018-08-27 19:21:03,12,0,91,7
2018-08-27 19:21:03,12,0,91,7
2018-08-27 19:21:03,12,0,91,7
2018-08-27 19:21:03,12,0,91,7
2018-08-27 19:21:03,12,0,91,7
2018-08-27 19:21:03,12,0,91,7
2018-08-27 19:21:03,12,0,91,7
2018-08-27 19:21:03,12,0,91,7
2018-08-27 19:21:03,12,0,91,7
2018-08-27 19:21:03,12,0,91,7
2018-08-27 19:21:03,12,0,91,7
2018-08-27 19:21:03,12,0,91,7
2018-08-27 19:21:03,12,0,91,7
2018-08-27 19:21:03,12,0,91,7
2018-08-27 19:21:03,12,0,91,7
2018-08-27 19:21:03,12,0,91,7
2018-08-27 19:21:03,12,0,91,7
2018-08-27 19:21:04,12,0,91,7
2018-08-27 19:21:04,12,0,91,7
2018-08-27 19:21:04,12,0,91,7
2018-08-27 19:21:04,12,0,91,7
2018-08-27 19:21:04,12,0,91,7
2018-08-27 19:21:04,12,0,91,7
2018-08-27 19:21:04,12,0,91,7
2018-08-27 19:21:04,12,0,91,7
2018-08-27 19:21:04,12,0,91,7
2018-08-27 19:21:04,12,0,91,7
2018-08-27 19:21:04,12,0,91,7
2018-08-27 19:21:04,12,0,91,7
2018-08-27 19:21:04,12,0,91,7
2018-08-27 19:21:04,12,0,91,7
2018-08-27 19:21:04,12,0,91,7
2018-08-27 19:21:04,12,0,91,7
2018-08-27 19:21:04,12,0,91,7
2018-08-27 19:21:04,12,0,91,7
2018-08-27 19:21:04,12,0,91,7
2018-08-27 19:21:04,12,0,91,7
2018-08-27 19:21:04,12,0,91,7
2018-08-27 19:21:04,12,0,91,7
2018-08-27 19:21:04,12,0,91,7
2018-08-27 19:21:04,12,0,91,7
2018-08-27 19:21:04,12,0,91,7
2018-08-27 19:21:04,12,0,91,7
2018-08-27 19:21:04,12,0,91,7
2018-08-27 19:21:04,12,0,91,7
2018-08-27 19:21:04,12,0,91,7
2018-08-27 19:21:04,12,0,91,7
2018-08-27 19:21:04,12,0,91,7
2018-08-27 19:21:04,12,0,91,7
2018-08-27 19:21:04,12,0,91,7
2018-08-27 19:21:04,12,0,91,7
2018-08-27 19:21:04,12,0,91,7
2018-08-27 19:21:04,12,0,91,7
2018-08-27 19:21:04,12,0,91,7
2018-08-27 19:21:04,12,0,91,7
2018-08-27 19:21:04,12,0,91,7
2018-08-27 19:21:04,12,0,91,7
2018-08-27 19:21:04,12,0,91,7
2018-08-27 19:21:04,12,0,91,7
2018-08-27 19:21:04,12,0,91,7
2018-08-27 19:21:04,12,0,91,7
2018-08-27 19:21:04,12,0,91,7
2018-08-27 19:21:04,12,0,91,7
2018-08-27 19:21:04,12,0,91,7
2018-08-27 19:21:04,12,0,91,7
2018-08-27 19:21:04,12,0,91,7
2018-08-27 19:21:04,12,0,91,7
2018-08-27 19:21:04,12,0,91,7
2018-08-27 19:21:04,12,0,91,7
2018-08-27 19:21:04,12,0,91,7
2018-08-27 19:21:04,12,0,91,7
2018-08-27 19:21:04,12,0,91,7
2018-08-27 19:21:04,12,0,91,7
2018-08-27 19:21:04,12,0,91,7
2018-08-27 19:21:04,12,0,91,7
2018-08-27 19:21:04,12,0,91,7
2018-08-27 19:21:04,12,0,91,7
2018-08-27 19:21:04,12,0,91,7
2018-08-27 19:21:04,12,0,91,7
2018-08-27 19:21:04,12,0,91,7
2018-08-27 19:21:04,12,0,91,7
2018-08-27 19:21:04,12,0,91,7
2018-08-27 19:21:04,12,0,91,7
2018-08-27 19:21:04,12,0,91,7
2018-08-27 19:21:04,12,0,91,7
2018-08-27 19:21:04,12,0,91,7
2018-08-27 19:21:04,12,0,91,7
2018-08-27 19:21:04,12,0,91,7
2018-08-27 19:21:04,12,0,91,7
2018-08-27 19:21:04,12,0,91,7
2018-08-27 19:21:04,12,0,91,7
2018-08-27 19:21:04,12,0,91,7
2018-08-27 19:21:04,12,0,91,7
2018-08-27 19:21:04,12,0,91,7
2018-08-27 19:21:04,12,0,91,7
2018-08-27 19:21:04,12,0,91,7
2018-08-27 19:21:04,12,0,91,7
2018-08-27 19:21:04,12,0,91,7
2018-08-27 19:21:04,12,0,91,7
2018-08-27 19:21:04,12,0,91,7
2018-08-27 19:21:04,12,0,91,7
2018-08-27 19:21:04,12,0,91,7
2018-08-27 19:21:04,12,0,91,7
2018-08-27 19:21:04,12,0,91,7
2018-08-27 19:21:04,12,0,91,7
2018-08-27 19:21:04,12,0,91,7
2018-08-27 19:21:04,12,0,91,7
2018-08-27 19:21:04,12,0,91,7
2018-08-27 19:21:04,12,0,91,7
2018-08-27 19:21:04,12,0,91,7
2018-08-27 19:21:04,12,0,91,7
2018-08-27 19:21:04,12,0,91,7
2018-08-27 19:21:04,12,0,91,7
2018-08-27 19:21:04,12,0,91,7
2018-08-27 19:21:04,12,0,91,7
2018-08-27 19:21:04,12,0,91,7
2018-08-27 19:21:04,12,0,91,7
2018-08-27 19:21:04,12,0,91,7
2018-08-27 19:21:04,12,0,91,7
2018-08-27 19:21:04,12,0,91,7
2018-08-27 19:21:04,12,0,91,7
2018-08-27 19:21:04,12,0,91,7
2018-08-27 19:21:04,12,0,91,7
2018-08-27 19:21:04,12,0,91,7
2018-08-27 19:21:04,12,0,91,7
2018-08-27 19:21:04,12,0,91,7
2018-08-27 19:21:04,12,0,91,7
2018-08-27 19:21:04,12,0,91,7
2018-08-27 19:21:04,12,0,91,7
2018-08-27 19:21:04,12,0,91,7
2018-08-27 19:21:05,12,0,91,7
2018-08-27 19:21:05,12,0,91,7
2018-08-27 19:21:05,12,0,91,7
2018-08-27 19:21:05,12,0,91,7
2018-08-27 19:21:05,12,0,91,7
2018-08-27 19:21:05,12,0,91,7
2018-08-27 19:21:05,12,0,91,7
2018-08-27 19:21:05,12,0,91,7
2018-08-27 19:21:05,12,0,91,7
2018-08-27 19:21:05,12,0,91,7
2018-08-27 19:21:05,12,0,91,7
2018-08-27 19:21:05,12,0,91,7
2018-08-27 19:21:05,12,0,91,7
2018-08-27 19:21:05,12,0,91,7
2018-08-27 19:21:05,12,0,91,7
2018-08-27 19:21:05,12,0,91,7
2018-08-27 19:21:05,12,0,91,7
2018-08-27 19:21:05,12,0,91,7
2018-08-27 19:21:05,12,0,91,7
2018-08-27 19:21:05,12,0,91,7
2018-08-27 19:21:05,12,0,91,7
2018-08-27 19:21:05,13,0,91,7
2018-08-27 19:21:05,13,0,91,7
2018-08-27 19:21:05,53,0,91,7
2018-08-27 19:21:05,93,1,91,7
2018-08-27 19:21:08,93,1,91,7
2018-08-27 19:21:11,93,1,91,7
2018-08-27 19:21:21,93,0,91,7
2018-08-27 19:21:21,93,1,91,7
2018-08-27 19:21:24,93,1,91,7
2018-08-27 19:21:27,93,1,91,7
2018-08-27 19:21:38,21,0,91,7
2018-08-27 19:21:38,21,0,91,7
2018-08-27 19:21:38,21,0,91,7
2018-08-27 19:21:38,21,0,91,7
2018-08-27 19:21:38,21,0,91,7
2018-08-27 19:21:38,21,0,91,7
2018-08-27 19:21:38,21,0,91,7
2018-08-27 19:21:38,20,0,91,7
2018-08-27 19:21:38,20,0,91,7
2018-08-27 19:21:38,20,0,91,7
2018-08-27 19:21:38,20,0,91,7
2018-08-27 19:21:38,20,0,91,7
2018-08-27 19:21:38,20,0,91,7
2018-08-27 19:21:38,20,0,91,7
2018-08-27 19:21:38,20,0,91,7
2018-08-27 19:21:38,20,0,91,7
2018-08-27 19:21:38,19,0,91,7
2018-08-27 19:21:38,19,0,91,7
2018-08-27 19:21:38,19,0,91,7
2018-08-27 19:21:38,19,0,91,7
2018-08-27 19:21:38,19,0,91,7
2018-08-27 19:21:38,19,0,91,7
2018-08-27 19:21:38,19,0,91,7
2018-08-27 19:21:38,19,0,91,7
2018-08-27 19:21:38,19,0,91,7
2018-08-27 19:21:38,19,0,91,7
2018-08-27 19:21:38,19,0,91,7
2018-08-27 19:21:38,18,0,91,7
2018-08-27 19:21:38,18,0,91,7
2018-08-27 19:21:38,18,0,91,7
2018-08-27 19:21:38,18,0,91,7
2018-08-27 19:21:38,18,0,91,7
2018-08-27 19:21:38,18,0,91,7
2018-08-27 19:21:38,18,0,91,7
2018-08-27 19:21:38,18,0,91,7
2018-08-27 19:21:38,18,0,91,7
2018-08-27 19:21:38,18,0,91,7
2018-08-27 19:21:38,18,0,91,7
2018-08-27 19:21:38,18,0,91,7
2018-08-27 19:21:38,17,0,91,7
2018-08-27 19:21:38,17,0,91,7
2018-08-27 19:21:38,17,0,91,7
2018-08-27 19:21:38,17,0,91,7
2018-08-27 19:21:38,17,0,91,7
2018-08-27 19:21:38,17,0,91,7
2018-08-27 19:21:38,17,0,91,7
2018-08-27 19:21:38,17,0,91,7
2018-08-27 19:21:38,17,0,91,7
2018-08-27 19:21:38,17,0,91,7
2018-08-27 19:21:38,17,0,91,7
2018-08-27 19:21:38,17,0,91,7
2018-08-27 19:21:38,17,0,91,7
2018-08-27 19:21:38,17,0,91,7
2018-08-27 19:21:38,17,0,91,7
2018-08-27 19:21:38,17,0,91,7
2018-08-27 19:21:39,17,0,91,7
2018-08-27 19:21:39,17,0,91,7
2018-08-27 19:21:39,16,0,91,7
2018-08-27 19:21:39,16,0,91,7
2018-08-27 19:21:39,16,0,91,7
2018-08-27 19:21:39,16,0,91,7
2018-08-27 19:21:39,16,0,91,7
2018-08-27 19:21:39,16,0,91,7
2018-08-27 19:21:39,16,0,91,7
2018-08-27 19:21:39,16,0,91,7
2018-08-27 19:21:39,16,0,91,7
2018-08-27 19:21:39,16,0,91,7
2018-08-27 19:21:39,16,0,91,7
2018-08-27 19:21:39,16,0,91,7
2018-08-27 19:21:39,16,0,91,7
2018-08-27 19:21:39,16,0,91,7
2018-08-27 19:21:39,16,0,91,7
2018-08-27 19:21:39,16,0,91,7
2018-08-27 19:21:39,16,0,91,7
2018-08-27 19:21:39,16,0,91,7
2018-08-27 19:21:39,16,0,91,7
2018-08-27 19:21:39,16,0,91,7
2018-08-27 19:21:39,16,0,91,7
2018-08-27 19:21:39,15,0,91,7
2018-08-27 19:21:39,15,0,91,7
2018-08-27 19:21:39,15,0,91,7
2018-08-27 19:21:39,15,0,91,7
2018-08-27 19:21:39,15,0,91,7
2018-08-27 19:21:39,15,0,91,7
2018-08-27 19:21:39,15,0,91,7
2018-08-27 19:21:39,15,0,91,7
2018-08-27 19:21:39,15,0,91,7
2018-08-27 19:21:39,15,0,91,7
2018-08-27 19:21:39,15,0,91,7
2018-08-27 19:21:39,15,0,91,7
2018-08-27 19:21:39,15,0,91,7
2018-08-27 19:21:39,15,0,91,7
2018-08-27 19:21:39,15,0,91,7
2018-08-27 19:21:39,15,0,91,7
2018-08-27 19:21:39,15,0,91,7
2018-08-27 19:21:39,15,0,91,7
2018-08-27 19:21:39,15,0,91,7
2018-08-27 19:21:39,15,0,91,7
2018-08-27 19:21:39,15,0,91,7
2018-08-27 19:21:39,15,0,91,7
2018-08-27 19:21:39,15,0,91,7
2018-08-27 19:21:39,15,0,91,7
2018-08-27 19:21:39,15,0,91,7
2018-08-27 19:21:39,15,0,91,7
2018-08-27 19:21:39,15,0,91,7
2018-08-27 19:21:39,15,0,91,7
2018-08-27 19:21:39,15,0,91,7
2018-08-27 19:21:39,14,0,91,7
2018-08-27 19:21:39,15,0,91,7
2018-08-27 19:21:39,14,0,91,7
2018-08-27 19:21:39,14,0,91,7
2018-08-27 19:21:39,14,0,91,7
2018-08-27 19:21:39,14,0,91,7
2018-08-27 19:21:39,14,0,91,7
2018-08-27 19:21:39,14,0,91,7
2018-08-27 19:21:39,14,0,91,7
2018-08-27 19:21:39,14,0,91,7
2018-08-27 19:21:39,14,0,91,7
2018-08-27 19:21:39,14,0,91,7
2018-08-27 19:21:39,14,0,91,7
2018-08-27 19:21:39,14,0,91,7
2018-08-27 19:21:39,14,0,91,7
2018-08-27 19:21:39,14,0,91,7
2018-08-27 19:21:39,14,0,91,7
2018-08-27 19:21:39,14,0,91,7
2018-08-27 19:21:39,14,0,91,7
2018-08-27 19:21:39,14,0,91,7
2018-08-27 19:21:39,14,0,91,7
2018-08-27 19:21:39,14,0,91,7
2018-08-27 19:21:39,14,0,91,7
2018-08-27 19:21:39,14,0,91,7
2018-08-27 19:21:39,14,0,91,7
2018-08-27 19:21:39,14,0,91,7
2018-08-27 19:21:39,14,0,91,7
2018-08-27 19:21:39,14,0,91,7
2018-08-27 19:21:39,14,0,91,7
2018-08-27 19:21:39,14,0,91,7
2018-08-27 19:21:39,14,0,91,7
2018-08-27 19:21:39,14,0,91,7
2018-08-27 19:21:39,14,0,91,7
2018-08-27 19:21:39,14,0,91,7
2018-08-27 19:21:39,14,0,91,7
2018-08-27 19:21:39,14,0,91,7
2018-08-27 19:21:39,14,0,91,7
2018-08-27 19:21:39,14,0,91,7
2018-08-27 19:21:39,14,0,91,7
2018-08-27 19:21:39,14,0,91,7
2018-08-27 19:21:39,14,0,91,7
2018-08-27 19:21:39,14,0,91,7
2018-08-27 19:21:39,14,0,91,7
2018-08-27 19:21:39,14,0,91,7
2018-08-27 19:21:39,14,0,91,7
2018-08-27 19:21:39,14,0,91,7
2018-08-27 19:21:39,14,0,91,7
2018-08-27 19:21:39,14,0,91,7
2018-08-27 19:21:39,14,0,91,7
2018-08-27 19:21:39,13,0,91,7
2018-08-27 19:21:39,13,0,91,7
2018-08-27 19:21:39,13,0,91,7
2018-08-27 19:21:39,13,0,91,7
2018-08-27 19:21:39,13,0,91,7
2018-08-27 19:21:39,13,0,91,7
2018-08-27 19:21:39,13,0,91,7
2018-08-27 19:21:39,13,0,91,7
2018-08-27 19:21:39,13,0,91,7
2018-08-27 19:21:39,13,0,91,7
2018-08-27 19:21:39,13,0,91,7
2018-08-27 19:21:39,13,0,91,7
2018-08-27 19:21:39,13,0,91,7
2018-08-27 19:21:39,13,0,91,7
2018-08-27 19:21:39,13,0,91,7
2018-08-27 19:21:40,13,0,91,7
2018-08-27 19:21:40,13,0,91,7
2018-08-27 19:21:40,13,0,91,7
2018-08-27 19:21:40,13,0,91,7
2018-08-27 19:21:40,13,0,91,7
2018-08-27 19:21:40,13,0,91,7
2018-08-27 19:21:40,13,0,91,7
2018-08-27 19:21:40,13,0,91,7
2018-08-27 19:21:40,13,0,91,7
2018-08-27 19:21:40,13,0,91,7
2018-08-27 19:21:40,13,0,91,7
2018-08-27 19:21:40,13,0,91,7
2018-08-27 19:21:40,13,0,91,7
2018-08-27 19:21:40,13,0,91,7
2018-08-27 19:21:40,13,0,91,7
2018-08-27 19:21:40,13,0,91,7
2018-08-27 19:21:40,13,0,91,7
2018-08-27 19:21:40,13,0,91,7
2018-08-27 19:21:40,13,0,91,7
2018-08-27 19:21:40,13,0,91,7
2018-08-27 19:21:40,13,0,91,7
2018-08-27 19:21:40,13,0,91,7
2018-08-27 19:21:40,13,0,91,7
2018-08-27 19:21:40,13,0,91,7
2018-08-27 19:21:40,13,0,91,7
2018-08-27 19:21:40,13,0,91,7
2018-08-27 19:21:40,13,0,91,7
2018-08-27 19:21:40,13,0,91,7
2018-08-27 19:21:40,13,0,91,7
2018-08-27 19:21:40,13,0,91,7
2018-08-27 19:21:40,13,0,91,7
2018-08-27 19:21:40,13,0,91,7
2018-08-27 19:21:40,13,0,91,7
2018-08-27 19:21:40,13,0,91,7
2018-08-27 19:21:40,13,0,91,7
2018-08-27 19:21:40,13,0,91,7
2018-08-27 19:21:40,13,0,91,7
2018-08-27 19:21:40,13,0,91,7
2018-08-27 19:21:40,13,0,91,7
2018-08-27 19:21:40,13,0,91,7
2018-08-27 19:21:40,13,0,91,7
2018-08-27 19:21:40,13,0,91,7
2018-08-27 19:21:40,13,0,91,7
2018-08-27 19:21:40,13,0,91,7
2018-08-27 19:21:40,13,0,91,7
2018-08-27 19:21:40,13,0,91,7
2018-08-27 19:21:40,13,0,91,7
2018-08-27 19:21:40,13,0,91,7
2018-08-27 19:21:40,13,0,91,7
2018-08-27 19:21:40,13,0,91,7
2018-08-27 19:21:40,13,0,91,7
2018-08-27 19:21:40,13,0,91,7
2018-08-27 19:21:40,13,0,91,7
2018-08-27 19:21:40,13,0,91,7
2018-08-27 19:21:40,13,0,91,7
2018-08-27 19:21:40,13,0,91,7
2018-08-27 19:21:40,13,0,91,7
2018-08-27 19:21:40,13,0,91,7
2018-08-27 19:21:40,13,0,91,7
2018-08-27 19:21:40,13,0,91,7
2018-08-27 19:21:40,13,0,91,7
2018-08-27 19:21:40,13,0,91,7
2018-08-27 19:21:40,13,0,91,7
2018-08-27 19:21:40,13,0,91,7
2018-08-27 19:21:40,13,0,91,7
2018-08-27 19:21:40,13,0,91,7
2018-08-27 19:21:40,13,0,91,7
2018-08-27 19:21:40,13,0,91,7
2018-08-27 19:21:40,13,0,91,7
2018-08-27 19:21:40,13,0,91,7
2018-08-27 19:21:40,13,0,91,7
2018-08-27 19:21:40,13,0,91,7
2018-08-27 19:21:40,13,0,91,7
2018-08-27 19:21:40,13,0,91,7
2018-08-27 19:21:40,13,0,91,7
2018-08-27 19:21:40,13,0,91,7
2018-08-27 19:21:40,13,0,91,7
2018-08-27 19:21:40,13,0,91,7
2018-08-27 19:21:40,13,0,91,7
2018-08-27 19:21:40,13,0,91,7
2018-08-27 19:21:40,13,0,91,7
2018-08-27 19:21:40,13,0,91,7
2018-08-27 19:21:40,13,0,91,7
2018-08-27 19:21:40,13,0,91,7
2018-08-27 19:21:40,13,0,91,7
2018-08-27 19:21:40,13,0,91,7
2018-08-27 19:21:40,13,0,91,7
2018-08-27 19:21:40,13,0,91,7
2018-08-27 19:21:40,13,0,91,7
2018-08-27 19:21:40,13,0,91,7
2018-08-27 19:21:40,13,0,91,7
2018-08-27 19:21:40,13,0,91,7
2018-08-27 19:21:40,13,0,91,7
2018-08-27 19:21:40,13,0,91,7
2018-08-27 19:21:40,13,0,91,7
2018-08-27 19:21:40,13,0,91,7
2018-08-27 19:21:40,13,0,91,7
2018-08-27 19:21:40,13,0,91,7
2018-08-27 19:21:40,13,0,91,7
2018-08-27 19:21:40,13,0,91,7
2018-08-27 19:21:40,13,0,91,7
2018-08-27 19:21:40,13,0,91,7
2018-08-27 19:21:40,13,0,91,7
2018-08-27 19:21:40,13,0,91,7
2018-08-27 19:21:40,13,0,91,7
2018-08-27 19:21:40,13,0,91,7
2018-08-27 19:21:40,12,0,91,7
2018-08-27 19:21:40,12,0,91,7
2018-08-27 19:21:40,12,0,91,7
2018-08-27 19:21:40,12,0,91,7
2018-08-27 19:21:40,12,0,91,7
2018-08-27 19:21:40,12,0,91,7
2018-08-27 19:21:40,12,0,91,7
2018-08-27 19:21:41,12,0,91,7
2018-08-27 19:21:41,12,0,91,7
2018-08-27 19:21:41,12,0,91,7
2018-08-27 19:21:41,12,0,91,7
2018-08-27 19:21:41,12,0,91,7
2018-08-27 19:21:41,12,0,91,7
2018-08-27 19:21:41,12,0,91,7
2018-08-27 19:21:41,12,0,91,7
2018-08-27 19:21:41,12,0,91,7
2018-08-27 19:21:41,12,0,91,7
2018-08-27 19:21:41,12,0,91,7
2018-08-27 19:21:41,12,0,91,7
2018-08-27 19:21:41,12,0,91,7
2018-08-27 19:21:41,12,0,91,7
2018-08-27 19:21:41,12,0,91,7
2018-08-27 19:21:41,12,0,91,7
2018-08-27 19:21:41,12,0,91,7
2018-08-27 19:21:41,12,0,91,7
2018-08-27 19:21:41,12,0,91,7
2018-08-27 19:21:41,12,0,91,7
2018-08-27 19:21:41,12,0,91,7
2018-08-27 19:21:41,12,0,91,7
2018-08-27 19:21:41,12,0,91,7
2018-08-27 19:21:41,12,0,91,7
2018-08-27 19:21:41,12,0,91,7
2018-08-27 19:21:41,12,0,91,7
2018-08-27 19:21:41,12,0,91,7
2018-08-27 19:21:41,12,0,91,7
2018-08-27 19:21:41,12,0,91,7
2018-08-27 19:21:41,12,0,91,7
2018-08-27 19:21:41,12,0,91,7
2018-08-27 19:21:41,12,0,91,7
2018-08-27 19:21:41,12,0,91,7
2018-08-27 19:21:41,12,0,91,7
2018-08-27 19:21:41,12,0,91,7
2018-08-27 19:21:41,12,0,91,7
2018-08-27 19:21:41,12,0,91,7
2018-08-27 19:21:41,12,0,91,7
2018-08-27 19:21:41,12,0,91,7
2018-08-27 19:21:41,12,0,91,7
2018-08-27 19:21:41,12,0,91,7
2018-08-27 19:21:41,12,0,91,7
2018-08-27 19:21:41,12,0,91,7
2018-08-27 19:21:41,12,0,91,7
2018-08-27 19:21:41,12,0,91,7
2018-08-27 19:21:41,12,0,91,7
2018-08-27 19:21:41,12,0,91,7
2018-08-27 19:21:41,12,0,91,7
2018-08-27 19:21:41,12,0,91,7
2018-08-27 19:21:41,12,0,91,7
2018-08-27 19:21:41,12,0,91,7
2018-08-27 19:21:41,12,0,91,7
2018-08-27 19:21:41,12,0,91,7
2018-08-27 19:21:41,12,0,91,7
2018-08-27 19:21:41,12,0,91,7
2018-08-27 19:21:41,12,0,91,7
2018-08-27 19:21:41,12,0,91,7
2018-08-27 19:21:41,12,0,91,7
2018-08-27 19:21:41,12,0,91,7
2018-08-27 19:21:41,12,0,91,7
2018-08-27 19:21:41,12,0,91,7
2018-08-27 19:21:41,12,0,91,7
2018-08-27 19:21:41,12,0,91,7
2018-08-27 19:21:41,12,0,91,7
2018-08-27 19:21:41,12,0,91,7
2018-08-27 19:21:41,12,0,91,7
2018-08-27 19:21:41,12,0,91,7
2018-08-27 19:21:41,12,0,91,7
2018-08-27 19:21:41,12,0,91,7
2018-08-27 19:21:41,12,0,91,7
2018-08-27 19:21:41,12,0,91,7
2018-08-27 19:21:41,12,0,91,7
2018-08-27 19:21:41,12,0,91,7
2018-08-27 19:21:41,12,0,91,7
2018-08-27 19:21:41,12,0,91,7
2018-08-27 19:21:41,12,0,91,7
2018-08-27 19:21:41,12,0,91,7
2018-08-27 19:21:41,12,0,91,7
2018-08-27 19:21:41,12,0,91,7
2018-08-27 19:21:41,12,0,91,7
2018-08-27 19:21:41,12,0,91,7
2018-08-27 19:21:41,12,0,91,7
2018-08-27 19:21:41,12,0,91,7
2018-08-27 19:21:41,12,0,91,7
2018-08-27 19:21:41,12,0,91,7
2018-08-27 19:21:41,12,0,91,7
2018-08-27 19:21:41,12,0,91,7
2018-08-27 19:21:41,12,0,91,7
2018-08-27 19:21:41,12,0,91,7
2018-08-27 19:21:41,1,0,91,7
2018-08-27 19:21:41,12,0,91,7
2018-08-27 19:21:41,12,0,91,7
2018-08-27 19:21:41,12,0,91,7
2018-08-27 19:21:41,12,0,91,7
2018-08-27 19:21:41,12,0,91,7
2018-08-27 19:21:41,12,0,91,7
2018-08-27 19:21:41,12,0,91,7
2018-08-27 19:21:41,12,0,91,7
2018-08-27 19:21:41,12,0,91,7
2018-08-27 19:21:41,12,0,91,7
2018-08-27 19:21:41,12,0,91,7
2018-08-27 19:21:41,12,0,91,7
2018-08-27 19:21:41,12,0,91,7
2018-08-27 19:21:41,12,0,91,7
2018-08-27 19:21:41,12,0,91,7
2018-08-27 19:21:41,12,0,91,7
2018-08-27 19:21:41,12,0,91,7
2018-08-27 19:21:41,12,0,91,7
2018-08-27 19:21:41,12,0,91,7
2018-08-27 19:21:41,12,0,91,7
2018-08-27 19:21:41,12,0,91,7
2018-08-27 19:21:41,12,0,91,7
2018-08-27 19:21:41,12,0,91,7
2018-08-27 19:21:41,12,0,91,7
2018-08-27 19:21:41,12,,91,7
2018-08-27 19:21:41,12,0,91,7
2018-08-27 19:21:41,12,0,91,7
2018-08-27 19:21:42,12,0,91,7
2018-08-27 19:21:42,12,0,91,7
2018-08-27 19:21:42,12,0,91,7
2018-08-27 19:21:42,12,0,91,7
2018-08-27 19:21:42,12,0,91,7
2018-08-27 19:21:42,12,0,91,7
2018-08-27 19:21:42,12,0,91,7
2018-08-27 19:21:42,12,0,91,7
2018-08-27 19:21:42,12,0,91,7
2018-08-27 19:21:42,12,0,91,7
2018-08-27 19:21:42,12,0,91,7
2018-08-27 19:21:42,12,0,91,7
2018-08-27 19:21:42,12,0,91,7
2018-08-27 19:21:42,12,0,91,7
2018-08-27 19:21:42,12,0,91,7
2018-08-27 19:21:42,12,0,91,7
2018-08-27 19:21:42,12,0,91,7
2018-08-27 19:21:42,12,0,91,7
2018-08-27 19:21:42,12,0,91,7
2018-08-27 19:21:42,12,0,91,7
2018-08-27 19:21:42,12,0,91,7
2018-08-27 19:21:42,12,0,91,7
2018-08-27 19:21:42,12,0,91,7
2018-08-27 19:21:42,12,0,91,7
2018-08-27 19:21:42,12,0,91,7
2018-08-27 19:21:42,12,0,91,7
2018-08-27 19:21:42,12,0,91,7
2018-08-27 19:21:42,12,0,91,7
2018-08-27 19:21:42,12,0,91,7
2018-08-27 19:21:42,12,0,91,7
2018-08-27 19:21:42,12,0,91,7
2018-08-27 19:21:42,12,0,91,7
2018-08-27 19:21:42,12,0,91,7
2018-08-27 19:21:42,12,0,91,7
2018-08-27 19:21:42,12,0,91,7
2018-08-27 19:21:42,12,0,91,7
2018-08-27 19:21:42,12,0,91,7
2018-08-27 19:21:42,12,0,91,7
2018-08-27 19:21:42,12,0,91,7
2018-08-27 19:21:42,12,0,91,7
2018-08-27 19:21:42,12,0,91,7
2018-08-27 19:21:42,12,0,91,7
2018-08-27 19:21:42,12,0,91,7
2018-08-27 19:21:42,12,0,91,7
2018-08-27 19:21:42,12,0,91,7
2018-08-27 19:21:42,12,0,91,7
2018-08-27 19:21:42,12,0,91,7
2018-08-27 19:21:42,12,0,91,7
2018-08-27 19:21:42,12,0,91,7
2018-08-27 19:21:42,12,0,91,7
2018-08-27 19:21:42,12,0,91,7
2018-08-27 19:21:42,14,0,91,7
2018-08-27 19:21:42,14,0,91,7
2018-08-27 19:21:42,75,0,91,7
2018-08-27 19:21:42,93,1,91,7
2018-08-27 19:21:45,24,1,91,7
2018-08-27 19:21:48,93,1,91,7
2018-08-27 19:21:59,12,0,91,7
2018-08-27 19:21:59,12,0,91,7
2018-08-27 19:21:59,12,0,91,7
2018-08-27 19:21:59,12,0,91,7
2018-08-27 19:21:59,12,0,91,7
2018-08-27 19:21:59,12,0,91,7
2018-08-27 19:21:59,12,0,91,7
2018-08-27 19:21:59,12,0,91,7
2018-08-27 19:21:59,12,0,91,7
2018-08-27 19:21:59,12,0,91,7
2018-08-27 19:21:59,12,0,91,7
2018-08-27 19:21:59,12,0,91,7
2018-08-27 19:21:59,12,0,91,7
2018-08-27 19:21:59,12,0,91,7
2018-08-27 19:21:59,12,0,91,7
2018-08-27 19:21:59,12,0,91,7
2018-08-27 19:21:59,12,0,91,7
2018-08-27 19:21:59,12,0,91,7
2018-08-27 19:21:59,12,0,91,7
2018-08-27 19:21:59,12,0,91,7
2018-08-27 19:21:59,12,0,91,7
2018-08-27 19:21:59,12,0,91,7
2018-08-27 19:21:59,12,0,91,7
2018-08-27 19:21:59,12,0,91,7
2018-08-27 19:21:59,12,0,91,7
2018-08-27 19:21:59,12,0,91,7
2018-08-27 19:21:59,12,0,91,7
2018-08-27 19:21:59,12,0,91,7
2018-08-27 19:21:59,12,0,91,7
2018-08-27 19:21:59,12,0,91,7
2018-08-27 19:21:59,12,0,91,7
2018-08-27 19:21:59,12,0,91,7
2018-08-27 19:21:59,12,0,91,7
2018-08-27 19:21:59,12,0,91,7
2018-08-27 19:21:59,12,0,91,7
2018-08-27 19:21:59,12,0,91,7
2018-08-27 19:21:59,12,0,91,7
2018-08-27 19:21:59,12,,91,7
2018-08-27 19:21:59,12,0,91,7
2018-08-27 19:21:59,12,0,91,7
2018-08-27 19:21:59,12,0,91,7
2018-08-27 19:21:59,12,0,91,7
2018-08-27 19:21:59,12,0,91,7
2018-08-27 19:21:59,12,0,91,7
2018-08-27 19:21:59,11,0,91,7
2018-08-27 19:21:59,12,0,91,7
2018-08-27 19:21:59,12,0,91,7
2018-08-27 19:21:59,12,0,91,7
2018-08-27 19:21:59,11,0,91,7
2018-08-27 19:21:59,11,0,91,7
2018-08-27 19:21:59,11,0,91,7
2018-08-27 19:21:59,11,0,91,7
2018-08-27 19:21:59,11,0,91,7
2018-08-27 19:21:59,12,0,91,7
2018-08-27 19:21:59,12,0,91,7
2018-08-27 19:21:59,12,0,91,7
2018-08-27 19:21:59,12,0,91,7
2018-08-27 19:21:59,11,0,91,7
2018-08-27 19:21:59,11,0,91,7
2018-08-27 19:21:59,11,0,91,7
2018-08-27 19:21:59,12,0,91,7
2018-08-27 19:21:59,12,0,91,7
2018-08-27 19:21:59,11,0,91,7
2018-08-27 19:21:59,11,0,91,7
2018-08-27 19:21:59,11,0,91,7
2018-08-27 19:21:59,11,0,91,7
2018-08-27 19:21:59,11,0,91,7
2018-08-27 19:21:59,11,0,91,7
2018-08-27 19:21:59,11,0,91,7
2018-08-27 19:21:59,11,0,91,7
2018-08-27 19:21:59,11,0,91,7
2018-08-27 19:21:59,11,0,91,7
2018-08-27 19:21:59,11,0,91,7
2018-08-27 19:21:59,11,0,91,7
2018-08-27 19:21:59,11,0,91,7
2018-08-27 19:21:59,11,0,91,7
2018-08-27 19:21:59,11,0,91,7
2018-08-27 19:21:59,11,0,91,7
2018-08-27 19:21:59,11,0,91,7
2018-08-27 19:21:59,11,0,91,7
2018-08-27 19:21:59,11,0,91,7
2018-08-27 19:21:59,11,0,91,7
2018-08-27 19:21:59,11,0,91,7
2018-08-27 19:21:59,11,0,91,7
2018-08-27 19:21:59,11,0,91,7
2018-08-27 19:21:59,11,0,91,7
2018-08-27 19:21:59,11,0,91,7
2018-08-27 19:21:59,11,0,91,7
2018-08-27 19:21:59,11,0,91,7
2018-08-27 19:21:59,11,0,91,7
2018-08-27 19:21:59,11,0,91,7
2018-08-27 19:21:59,11,0,91,7
2018-08-27 19:21:59,11,0,91,7
2018-08-27 19:21:59,11,0,91,7
2018-08-27 19:21:59,11,0,91,7
2018-08-27 19:21:59,11,0,91,7
2018-08-27 19:21:59,11,0,91,7
2018-08-27 19:21:59,11,0,91,7
2018-08-27 19:21:59,11,0,91,7
2018-08-27 19:21:59,11,0,91,7
2018-08-27 19:21:59,11,0,91,7
2018-08-27 19:22:00,11,0,91,7
2018-08-27 19:22:00,11,0,91,7
2018-08-27 19:22:00,11,0,91,7
2018-08-27 19:22:00,11,0,91,7
2018-08-27 19:22:00,11,0,91,7
2018-08-27 19:22:00,11,0,91,7
2018-08-27 19:22:00,11,0,91,7
2018-08-27 19:22:00,11,0,91,7
2018-08-27 19:22:00,11,0,91,7
2018-08-27 19:22:00,11,0,91,7
2018-08-27 19:22:00,11,0,91,7
2018-08-27 19:22:00,11,0,91,7
2018-08-27 19:22:00,11,0,91,7
2018-08-27 19:22:00,11,0,91,7
2018-08-27 19:22:00,11,0,91,7
2018-08-27 19:22:00,11,0,91,7
2018-08-27 19:22:00,11,0,91,7
2018-08-27 19:22:00,11,0,91,7
2018-08-27 19:22:00,11,0,91,7
2018-08-27 19:22:00,11,0,91,7
2018-08-27 19:22:00,11,0,91,7
2018-08-27 19:22:00,11,0,91,7
2018-08-27 19:22:00,11,0,91,7
2018-08-27 19:22:00,11,0,91,7
2018-08-27 19:22:00,11,0,91,7
2018-08-27 19:22:00,11,0,91,7
2018-08-27 19:22:00,11,0,91,7
2018-08-27 19:22:00,11,0,91,7
2018-08-27 19:22:00,11,0,91,7
2018-08-27 19:22:00,11,0,91,7
2018-08-27 19:22:00,11,0,91,7
2018-08-27 19:22:00,11,0,91,7
2018-08-27 19:22:00,11,0,91,7
2018-08-27 19:22:00,11,0,91,7
2018-08-27 19:22:00,11,0,91,7
2018-08-27 19:22:00,11,0,91,7
2018-08-27 19:22:00,11,0,91,7
2018-08-27 19:22:00,11,0,91,7
2018-08-27 19:22:00,11,0,91,7
2018-08-27 19:22:00,11,0,91,7
2018-08-27 19:22:00,11,0,91,7
2018-08-27 19:22:00,11,0,91,7
2018-08-27 19:22:00,11,0,91,7
2018-08-27 19:22:00,11,0,91,7
2018-08-27 19:22:00,11,0,91,7
2018-08-27 19:22:00,11,0,91,7
2018-08-27 19:22:00,11,0,91,7
2018-08-27 19:22:00,11,0,91,7
2018-08-27 19:22:00,11,0,91,7
2018-08-27 19:22:00,11,0,91,7
2018-08-27 19:22:00,11,0,91,7
2018-08-27 19:22:00,11,0,91,7
2018-08-27 19:22:00,11,0,91,7
2018-08-27 19:22:00,11,0,91,7
2018-08-27 19:22:00,11,0,91,7
2018-08-27 19:22:00,11,0,91,7
2018-08-27 19:22:00,11,0,91,7
2018-08-27 19:22:00,11,0,91,7
2018-08-27 19:22:00,11,0,91,7
2018-08-27 19:22:00,11,0,91,7
2018-08-27 19:22:00,11,0,91,7
2018-08-27 19:22:00,11,0,91,7
2018-08-27 19:22:00,11,0,91,7
2018-08-27 19:22:00,11,0,91,7
2018-08-27 19:22:00,11,0,91,7
2018-08-27 19:22:00,11,0,91,7
2018-08-27 19:22:00,11,0,91,7
2018-08-27 19:22:00,11,0,91,7
2018-08-27 19:22:00,11,0,91,7
2018-08-27 19:22:00,11,0,91,7
2018-08-27 19:22:00,11,0,91,7
2018-08-27 19:22:00,11,0,91,7
2018-08-27 19:22:00,11,0,91,7
2018-08-27 19:22:00,11,0,91,7
2018-08-27 19:22:00,11,0,91,7
2018-08-27 19:22:00,11,0,91,7
2018-08-27 19:22:00,11,0,91,7
2018-08-27 19:22:00,11,0,91,7
2018-08-27 19:22:00,11,0,91,7
2018-08-27 19:22:00,11,0,91,7
2018-08-27 19:22:00,11,0,91,7
2018-08-27 19:22:00,11,0,91,7
2018-08-27 19:22:00,11,0,91,7
2018-08-27 19:22:00,11,0,91,7
2018-08-27 19:22:00,11,0,91,7
2018-08-27 19:22:00,11,0,91,7
2018-08-27 19:22:00,11,0,91,7
2018-08-27 19:22:00,11,0,91,7
2018-08-27 19:22:00,11,0,91,7
2018-08-27 19:22:00,11,0,91,7
2018-08-27 19:22:00,11,0,91,7
2018-08-27 19:22:00,11,0,91,7
2018-08-27 19:22:00,11,0,91,7
2018-08-27 19:22:00,11,0,91,7
2018-08-27 19:22:00,11,0,91,7
2018-08-27 19:22:00,11,0,91,7
2018-08-27 19:22:00,11,0,91,7
2018-08-27 19:22:00,11,0,91,7
2018-08-27 19:22:00,11,0,91,7
2018-08-27 19:22:00,11,0,91,7
2018-08-27 19:22:00,11,0,91,7
2018-08-27 19:22:00,11,0,91,7
2018-08-27 19:22:00,11,0,91,7
2018-08-27 19:22:00,11,0,91,7
2018-08-27 19:22:00,11,0,91,7
2018-08-27 19:22:00,11,0,91,7
2018-08-27 19:22:00,11,0,91,7
2018-08-27 19:22:00,11,0,91,7
2018-08-27 19:22:00,11,0,91,7
2018-08-27 19:22:00,11,0,91,7
2018-08-27 19:22:00,11,0,91,7
2018-08-27 19:22:00,11,0,91,7
2018-08-27 19:22:00,11,0,91,7
2018-08-27 19:22:00,11,0,91,7
2018-08-27 19:22:00,11,0,91,7
2018-08-27 19:22:00,11,0,91,7
2018-08-27 19:22:00,11,0,91,7
2018-08-27 19:22:00,11,0,91,7
2018-08-27 19:22:01,11,0,91,7
2018-08-27 19:22:01,11,0,91,7
2018-08-27 19:22:01,11,0,91,7
2018-08-27 19:22:01,11,0,91,7
2018-08-27 19:22:01,11,0,91,7
2018-08-27 19:22:01,11,0,91,7
2018-08-27 19:22:01,11,0,91,7
2018-08-27 19:22:01,11,0,91,7
2018-08-27 19:22:01,11,0,91,7
2018-08-27 19:22:01,11,0,91,7
2018-08-27 19:22:01,11,0,91,7
2018-08-27 19:22:01,11,0,91,7
2018-08-27 19:22:01,11,0,91,7
2018-08-27 19:22:01,11,0,91,7
2018-08-27 19:22:01,11,0,91,7
2018-08-27 19:22:01,11,0,91,7
2018-08-27 19:22:01,11,0,91,7
2018-08-27 19:22:01,11,0,91,7
2018-08-27 19:22:01,11,0,91,7
2018-08-27 19:22:01,11,0,91,7
2018-08-27 19:22:01,11,0,91,7
2018-08-27 19:22:01,11,0,91,7
2018-08-27 19:22:01,11,0,91,7
2018-08-27 19:22:01,11,0,91,7
2018-08-27 19:22:01,11,0,91,7
2018-08-27 19:22:01,11,0,91,7
2018-08-27 19:22:01,11,0,91,7
2018-08-27 19:22:01,11,0,91,7
2018-08-27 19:22:01,11,0,91,7
2018-08-27 19:22:01,11,0,91,7
2018-08-27 19:22:01,11,0,91,7
2018-08-27 19:22:01,11,0,91,7
2018-08-27 19:22:01,11,0,91,7
2018-08-27 19:22:01,11,0,91,7
2018-08-27 19:22:01,11,0,91,7
2018-08-27 19:22:01,11,0,91,7
2018-08-27 19:22:01,11,0,91,7
2018-08-27 19:22:01,11,0,91,7
2018-08-27 19:22:01,11,0,91,7
2018-08-27 19:22:01,11,0,91,7
2018-08-27 19:22:01,11,0,91,7
2018-08-27 19:22:01,11,0,91,7
2018-08-27 19:22:01,11,0,91,7
2018-08-27 19:22:01,11,0,91,7
2018-08-27 19:22:01,11,0,91,7
2018-08-27 19:22:01,11,0,91,7
2018-08-27 19:22:01,11,0,91,7
2018-08-27 19:22:01,11,0,91,7
2018-08-27 19:22:01,11,0,91,7
2018-08-27 19:22:01,11,0,91,7
2018-08-27 19:22:01,11,0,91,7
2018-08-27 19:22:01,11,0,91,7
2018-08-27 19:22:01,11,0,91,7
2018-08-27 19:22:01,11,0,91,7
2018-08-27 19:22:01,11,0,91,7
2018-08-27 19:22:01,11,0,91,7
2018-08-27 19:22:01,11,0,91,7
2018-08-27 19:22:01,11,0,91,7
2018-08-27 19:22:01,11,0,91,7
2018-08-27 19:22:01,11,0,91,7
2018-08-27 19:22:01,11,0,91,7
2018-08-27 19:22:01,11,0,91,7
2018-08-27 19:22:01,11,0,91,7
2018-08-27 19:22:01,11,0,91,7
2018-08-27 19:22:01,11,0,91,7
2018-08-27 19:22:01,11,0,91,7
2018-08-27 19:22:01,11,0,91,7
2018-08-27 19:22:01,11,0,91,7
2018-08-27 19:22:01,11,0,91,7
2018-08-27 19:22:01,11,0,91,7
2018-08-27 19:22:01,11,0,91,7
2018-08-27 19:22:01,11,0,91,7
2018-08-27 19:22:01,11,0,91,7
2018-08-27 19:22:01,11,0,91,7
2018-08-27 19:22:01,11,0,91,7
2018-08-27 19:22:01,11,0,91,7
2018-08-27 19:22:01,11,0,91,7
2018-08-27 19:22:01,11,0,91,7
2018-08-27 19:22:01,11,0,91,7
2018-08-27 19:22:01,11,0,91,7
2018-08-27 19:22:01,11,0,91,7
2018-08-27 19:22:01,11,0,91,7
2018-08-27 19:22:01,11,0,91,7
2018-08-27 19:22:01,11,0,91,7
2018-08-27 19:22:01,11,0,91,7
2018-08-27 19:22:01,11,0,91,7
2018-08-27 19:22:01,11,0,91,7
2018-08-27 19:22:01,11,0,91,7
2018-08-27 19:22:01,11,0,91,7
2018-08-27 19:22:01,11,0,91,7
2018-08-27 19:22:01,11,0,91,7
2018-08-27 19:22:01,11,0,91,7
2018-08-27 19:22:01,11,0,91,7
2018-08-27 19:22:01,11,0,91,7
2018-08-27 19:22:01,11,0,91,7
2018-08-27 19:22:01,11,0,91,7
2018-08-27 19:22:01,11,0,91,7
2018-08-27 19:22:01,11,0,91,7
2018-08-27 19:22:01,11,0,91,7
2018-08-27 19:22:01,11,0,91,7
2018-08-27 19:22:01,11,0,91,7
2018-08-27 19:22:01,11,0,91,7
2018-08-27 19:22:01,11,0,91,7
2018-08-27 19:22:01,11,0,91,7
2018-08-27 19:22:01,11,0,91,7
2018-08-27 19:22:01,11,0,91,7
2018-08-27 19:22:01,11,0,91,7
2018-08-27 19:22:01,11,0,91,7
2018-08-27 19:22:01,11,0,91,7
2018-08-27 19:22:01,11,0,91,7
2018-08-27 19:22:01,11,0,91,7
2018-08-27 19:22:01,11,0,91,7
2018-08-27 19:22:01,11,0,91,7
2018-08-27 19:22:01,11,0,91,7
2018-08-27 19:22:02,11,,91,7
2018-08-27 19:22:02,11,0,91,7
2018-08-27 19:22:02,11,0,91,7
2018-08-27 19:22:02,11,0,91,7
2018-08-27 19:22:02,11,0,91,7
2018-08-27 19:22:02,11,0,91,7
2018-08-27 19:22:02,11,0,91,7
2018-08-27 19:22:02,11,0,91,7
2018-08-27 19:22:02,11,0,91,7
2018-08-27 19:22:02,11,0,91,7
2018-08-27 19:22:02,11,0,91,7
2018-08-27 19:22:02,11,0,91,7
2018-08-27 19:22:02,11,0,91,7
2018-08-27 19:22:02,11,0,91,7
2018-08-27 19:22:02,11,0,91,7
2018-08-27 19:22:02,11,0,91,7
2018-08-27 19:22:02,11,0,91,7
2018-08-27 19:22:02,11,0,91,7
2018-08-27 19:22:02,11,0,91,7
2018-08-27 19:22:02,11,0,91,7
2018-08-27 19:22:02,11,0,91,7
2018-08-27 19:22:02,11,0,91,7
2018-08-27 19:22:02,11,0,91,7
2018-08-27 19:22:02,11,0,91,7
2018-08-27 19:22:02,11,0,91,7
2018-08-27 19:22:02,11,0,91,7
2018-08-27 19:22:02,11,0,91,7
2018-08-27 19:22:02,11,0,91,7
2018-08-27 19:22:02,11,0,91,7
2018-08-27 19:22:02,11,0,91,7
2018-08-27 19:22:02,11,0,91,7
2018-08-27 19:22:02,11,0,91,7
2018-08-27 19:22:02,11,0,91,7
2018-08-27 19:22:02,11,0,91,7
2018-08-27 19:22:02,11,0,91,7
2018-08-27 19:22:02,11,0,91,7
2018-08-27 19:22:02,11,0,91,7
2018-08-27 19:22:02,11,0,91,7
2018-08-27 19:22:02,11,0,91,7
2018-08-27 19:22:02,11,0,91,7
2018-08-27 19:22:02,11,0,91,7
2018-08-27 19:22:02,11,0,91,7
2018-08-27 19:22:02,11,0,91,7
2018-08-27 19:22:02,11,0,91,7
2018-08-27 19:22:02,11,0,91,7
2018-08-27 19:22:02,11,0,91,7
2018-08-27 19:22:02,11,0,91,7
2018-08-27 19:22:02,11,0,91,7
2018-08-27 19:22:02,11,0,91,7
2018-08-27 19:22:02,11,0,91,7
2018-08-27 19:22:02,11,0,91,7
2018-08-27 19:22:02,11,0,91,7
2018-08-27 19:22:02,11,0,91,7
2018-08-27 19:22:02,11,0,91,7
2018-08-27 19:22:02,11,0,91,7
2018-08-27 19:22:02,11,0,91,7
2018-08-27 19:22:02,11,0,91,7
2018-08-27 19:22:02,11,0,91,7
2018-08-27 19:22:02,11,0,91,7
2018-08-27 19:22:02,11,0,91,7
2018-08-27 19:22:02,11,0,91,7
2018-08-27 19:22:02,11,0,91,7
2018-08-27 19:22:02,11,0,91,7
2018-08-27 19:22:02,11,0,91,7
2018-08-27 19:22:02,11,0,91,7
2018-08-27 19:22:02,11,0,91,7
2018-08-27 19:22:02,11,0,91,7
2018-08-27 19:22:02,11,0,91,7
2018-08-27 19:22:02,11,0,91,7
2018-08-27 19:22:02,11,0,91,7
2018-08-27 19:22:02,11,0,91,7
2018-08-27 19:22:02,11,0,91,7
2018-08-27 19:22:02,11,0,91,7
2018-08-27 19:22:02,11,0,91,7
2018-08-27 19:22:02,11,0,91,7
2018-08-27 19:22:02,11,0,91,7
2018-08-27 19:22:02,11,0,91,7
2018-08-27 19:22:02,11,0,91,7
2018-08-27 19:22:02,11,0,91,7
2018-08-27 19:22:02,11,0,91,7
2018-08-27 19:22:02,11,0,91,7
2018-08-27 19:22:02,11,0,91,7
2018-08-27 19:22:02,11,0,91,7
2018-08-27 19:22:02,11,0,91,7
2018-08-27 19:22:02,11,0,91,7
2018-08-27 19:22:02,11,0,91,7
2018-08-27 19:22:02,11,0,91,7
2018-08-27 19:22:02,11,0,91,7
2018-08-27 19:22:02,11,0,91,7
2018-08-27 19:22:02,11,0,91,7
2018-08-27 19:22:02,11,0,91,7
2018-08-27 19:22:02,11,0,91,7
2018-08-27 19:22:02,11,0,91,7
2018-08-27 19:22:02,11,0,91,7
2018-08-27 19:22:02,11,0,91,7
2018-08-27 19:22:02,11,0,91,7
2018-08-27 19:22:02,11,0,91,7
2018-08-27 19:22:02,11,0,91,7
2018-08-27 19:22:02,11,0,91,7
2018-08-27 19:22:02,11,0,91,7
2018-08-27 19:22:02,11,0,91,7
2018-08-27 19:22:02,11,0,91,7
2018-08-27 19:22:02,11,0,91,7
2018-08-27 19:22:02,11,0,91,7
2018-08-27 19:22:02,11,0,91,7
2018-08-27 19:22:02,11,0,91,7
2018-08-27 19:22:02,1,0,91,7
2018-08-27 19:22:02,11,0,91,7
2018-08-27 19:22:02,11,0,91,7
2018-08-27 19:22:02,11,0,91,7
2018-08-27 19:22:02,11,0,91,7
2018-08-27 19:22:02,11,0,91,7
2018-08-27 19:22:02,11,0,91,7
2018-08-27 19:22:02,11,0,91,7
2018-08-27 19:22:02,11,0,91,7
2018-08-27 19:22:02,11,0,91,7
2018-08-27 19:22:02,11,0,91,7
2018-08-27 19:22:02,11,0,91,7
2018-08-27 19:22:03,11,0,91,7
2018-08-27 19:22:03,11,0,91,7
2018-08-27 19:22:03,11,0,91,7
2018-08-27 19:22:03,11,0,91,7
2018-08-27 19:22:03,11,0,91,7
2018-08-27 19:22:03,11,0,91,7
2018-08-27 19:22:03,11,0,91,7
2018-08-27 19:22:03,11,0,91,7
2018-08-27 19:22:03,11,0,91,7
2018-08-27 19:22:03,11,0,91,7
2018-08-27 19:22:03,11,0,91,7
2018-08-27 19:22:03,11,0,91,7
2018-08-27 19:22:03,11,0,91,7
2018-08-27 19:22:03,11,0,91,7
2018-08-27 19:22:03,11,0,91,7
2018-08-27 19:22:03,11,0,91,7
2018-08-27 19:22:03,11,0,91,7
2018-08-27 19:22:03,11,0,91,7
2018-08-27 19:22:03,11,0,91,7
2018-08-27 19:22:03,11,0,91,7
2018-08-27 19:22:03,11,0,91,7
2018-08-27 19:22:03,11,0,91,7
2018-08-27 19:22:03,11,0,91,7
2018-08-27 19:22:03,11,0,91,7
2018-08-27 19:22:03,11,0,91,7
2018-08-27 19:22:03,11,0,91,7
2018-08-27 19:22:03,11,0,91,7
2018-08-27 19:22:03,11,0,91,7
2018-08-27 19:22:03,11,0,91,7
2018-08-27 19:22:03,11,0,91,7
2018-08-27 19:22:03,11,0,91,7
2018-08-27 19:22:03,11,0,91,7
2018-08-27 19:22:03,11,0,91,7
2018-08-27 19:22:03,11,0,91,7
2018-08-27 19:22:03,11,0,91,7
2018-08-27 19:22:03,11,0,91,7
2018-08-27 19:22:03,11,0,91,7
2018-08-27 19:22:03,11,0,91,7
2018-08-27 19:22:03,11,0,91,7
2018-08-27 19:22:03,11,0,91,7
2018-08-27 19:22:03,11,0,91,7
2018-08-27 19:22:03,11,0,91,7
2018-08-27 19:22:03,11,0,91,7
2018-08-27 19:22:03,11,0,91,7
2018-08-27 19:22:03,11,0,91,7
2018-08-27 19:22:03,11,0,91,7
2018-08-27 19:22:03,11,0,91,7
2018-08-27 19:22:03,11,0,91,7
2018-08-27 19:22:03,11,0,91,7
2018-08-27 19:22:03,11,0,91,7
2018-08-27 19:22:03,11,0,91,7
2018-08-27 19:22:03,11,0,91,7
2018-08-27 19:22:03,11,0,91,7
2018-08-27 19:22:03,11,0,91,7
2018-08-27 19:22:03,11,0,91,7
2018-08-27 19:22:03,11,0,91,7
2018-08-27 19:22:03,11,0,91,7
2018-08-27 19:22:03,11,0,91,7
2018-08-27 19:22:03,11,0,91,7
2018-08-27 19:22:03,11,0,91,7
2018-08-27 19:22:03,11,0,91,7
2018-08-27 19:22:03,11,0,91,7
2018-08-27 19:22:03,11,0,91,7
2018-08-27 19:22:03,11,0,91,7
2018-08-27 19:22:03,11,0,91,7
2018-08-27 19:22:03,11,0,91,7
2018-08-27 19:22:03,11,0,91,7
2018-08-27 19:22:03,11,0,91,7
2018-08-27 19:22:03,11,0,91,7
2018-08-27 19:22:03,11,0,91,7
2018-08-27 19:22:03,11,0,91,7
2018-08-27 19:22:03,11,0,91,7
2018-08-27 19:22:03,11,0,91,7
2018-08-27 19:22:03,11,0,91,7
2018-08-27 19:22:03,11,0,91,7
2018-08-27 19:22:03,11,0,91,7
2018-08-27 19:22:03,11,0,91,7
2018-08-27 19:22:03,11,0,91,7
2018-08-27 19:22:03,11,0,91,7
2018-08-27 19:22:03,11,0,91,7
2018-08-27 19:22:03,11,0,91,7
2018-08-27 19:22:03,11,0,91,7
2018-08-27 19:22:03,11,0,91,7
2018-08-27 19:22:03,11,0,91,7
2018-08-27 19:22:03,11,0,91,7
2018-08-27 19:22:03,11,0,91,7
2018-08-27 19:22:03,11,0,91,7
2018-08-27 19:22:03,11,0,91,7
2018-08-27 19:22:03,11,0,91,7
2018-08-27 19:22:03,11,0,91,7
2018-08-27 19:22:03,11,0,91,7
2018-08-27 19:22:03,11,0,91,7
2018-08-27 19:22:03,11,0,91,7
2018-08-27 19:22:03,11,0,91,7
2018-08-27 19:22:03,11,0,91,7
2018-08-27 19:22:03,11,0,91,7
2018-08-27 19:22:03,11,0,91,7
2018-08-27 19:22:03,11,0,91,7
2018-08-27 19:22:03,11,0,91,7
2018-08-27 19:22:03,11,0,91,7
2018-08-27 19:22:03,11,0,91,7
2018-08-27 19:22:03,11,0,91,7
2018-08-27 19:22:03,11,0,91,7
2018-08-27 19:22:03,11,0,91,7
2018-08-27 19:22:03,11,0,91,7
2018-08-27 19:22:03,11,0,91,7
2018-08-27 19:22:03,11,0,91,7
2018-08-27 19:22:03,11,0,91,7
2018-08-27 19:22:03,11,0,91,7
2018-08-27 19:22:03,11,0,91,7
2018-08-27 19:22:03,11,0,91,7
2018-08-27 19:22:03,11,0,91,7
2018-08-27 19:22:03,11,0,91,7
2018-08-27 19:22:03,11,0,91,7
2018-08-27 19:22:03,11,0,91,7
2018-08-27 19:22:03,11,0,91,7
2018-08-27 19:22:03,11,0,91,7
2018-08-27 19:22:04,11,0,91,7
2018-08-27 19:22:04,11,0,91,7
2018-08-27 19:22:04,11,0,91,7
2018-08-27 19:22:04,11,0,91,7
2018-08-27 19:22:04,11,0,91,7
2018-08-27 19:22:04,11,0,91,7
2018-08-27 19:22:04,11,0,91,7
2018-08-27 19:22:04,11,0,91,7
2018-08-27 19:22:04,11,0,91,7
2018-08-27 19:22:04,11,0,91,7
2018-08-27 19:22:04,11,0,91,7
2018-08-27 19:22:04,11,0,91,7
2018-08-27 19:22:04,11,0,91,7
2018-08-27 19:22:04,11,0,91,7
2018-08-27 19:22:04,11,0,91,7
2018-08-27 19:22:04,11,0,91,7
2018-08-27 19:22:04,11,0,91,7
2018-08-27 19:22:04,11,0,91,7
2018-08-27 19:22:04,11,0,91,7
2018-08-27 19:22:04,11,0,91,7
2018-08-27 19:22:04,11,0,91,7
2018-08-27 19:22:04,11,0,91,7
2018-08-27 19:22:04,11,0,91,7
2018-08-27 19:22:04,11,0,91,7
2018-08-27 19:22:04,11,0,91,7
2018-08-27 19:22:04,11,0,91,7
2018-08-27 19:22:04,11,0,91,7
2018-08-27 19:22:04,11,0,91,7
2018-08-27 19:22:04,11,0,91,7
2018-08-27 19:22:04,11,0,91,7
2018-08-27 19:22:04,11,0,91,7
2018-08-27 19:22:04,11,0,91,7
2018-08-27 19:22:04,11,0,91,7
2018-08-27 19:22:04,11,0,91,7
2018-08-27 19:22:04,11,0,91,7
2018-08-27 19:22:04,11,0,91,7
2018-08-27 19:22:04,11,0,91,7
2018-08-27 19:22:04,11,0,91,7
2018-08-27 19:22:04,11,0,91,7
2018-08-27 19:22:04,11,0,91,7
2018-08-27 19:22:04,11,0,91,7
2018-08-27 19:22:04,11,0,91,7
2018-08-27 19:22:04,11,0,91,7
2018-08-27 19:22:04,11,0,91,7
2018-08-27 19:22:04,11,0,91,7
2018-08-27 19:22:04,11,0,91,7
2018-08-27 19:22:04,11,0,91,7
2018-08-27 19:22:04,11,0,91,7
2018-08-27 19:22:04,11,0,91,7
2018-08-27 19:22:04,11,0,91,7
2018-08-27 19:22:04,11,0,91,7
2018-08-27 19:22:04,11,0,91,7
2018-08-27 19:22:04,11,0,91,7
2018-08-27 19:22:04,11,0,91,7
2018-08-27 19:22:04,11,0,91,7
2018-08-27 19:22:04,11,0,91,7
2018-08-27 19:22:04,11,0,91,7
2018-08-27 19:22:04,11,0,91,7
2018-08-27 19:22:04,11,0,91,7
2018-08-27 19:22:04,11,0,91,7
2018-08-27 19:22:04,11,0,91,7
2018-08-27 19:22:04,11,0,91,7
2018-08-27 19:22:04,11,0,91,7
2018-08-27 19:22:04,11,0,91,7
2018-08-27 19:22:04,11,0,91,7
2018-08-27 19:22:04,11,0,91,7
2018-08-27 19:22:04,11,0,91,7
2018-08-27 19:22:04,11,0,91,7
2018-08-27 19:22:04,11,0,91,7
2018-08-27 19:22:04,11,0,91,7
2018-08-27 19:22:04,11,0,91,7
2018-08-27 19:22:04,11,0,91,7
2018-08-27 19:22:04,11,0,91,7
2018-08-27 19:22:04,11,0,91,7
2018-08-27 19:22:04,11,0,91,7
2018-08-27 19:22:04,11,0,91,7
2018-08-27 19:22:04,11,0,91,7
2018-08-27 19:22:04,11,0,91,7
2018-08-27 19:22:04,11,0,91,7
2018-08-27 19:22:04,11,0,91,7
2018-08-27 19:22:04,11,0,91,7
2018-08-27 19:22:04,11,0,91,7
2018-08-27 19:22:04,11,0,91,7
2018-08-27 19:22:04,11,0,91,7
2018-08-27 19:22:04,11,0,91,7
2018-08-27 19:22:04,11,0,91,7
2018-08-27 19:22:04,11,0,91,7
2018-08-27 19:22:04,11,0,91,7
2018-08-27 19:22:04,11,0,91,7
2018-08-27 19:22:04,11,0,91,7
2018-08-27 19:22:04,11,0,91,7
2018-08-27 19:22:04,11,0,91,7
2018-08-27 19:22:04,11,0,91,7
2018-08-27 19:22:04,11,0,91,7
2018-08-27 19:22:04,11,0,91,7
2018-08-27 19:22:04,11,0,91,7
2018-08-27 19:22:04,11,0,91,7
2018-08-27 19:22:04,11,0,91,7
2018-08-27 19:22:04,11,0,91,7
2018-08-27 19:22:04,11,0,91,7
2018-08-27 19:22:04,11,0,91,7
2018-08-27 19:22:04,11,0,91,7
2018-08-27 19:22:04,11,0,91,7
2018-08-27 19:22:04,11,0,91,7
2018-08-27 19:22:04,11,0,91,7
2018-08-27 19:22:04,11,0,91,7
2018-08-27 19:22:04,11,0,91,7
2018-08-27 19:22:04,11,0,91,7
2018-08-27 19:22:04,11,0,91,7
2018-08-27 19:22:04,11,0,91,7
2018-08-27 19:22:04,11,0,91,7
2018-08-27 19:22:04,11,0,91,7
2018-08-27 19:22:05,11,0,91,7
2018-08-27 19:22:05,11,0,91,7
2018-08-27 19:22:05,11,0,91,7
2018-08-27 19:22:05,11,0,91,7
2018-08-27 19:22:05,11,0,91,7
2018-08-27 19:22:05,11,0,91,7
2018-08-27 19:22:05,11,0,91,7
2018-08-27 19:22:05,11,0,91,7
2018-08-27 19:22:05,11,0,91,7
2018-08-27 19:22:05,11,0,91,7
2018-08-27 19:22:05,11,0,91,7
2018-08-27 19:22:05,11,0,91,7
2018-08-27 19:22:05,11,0,91,7
2018-08-27 19:22:05,11,0,91,7
2018-08-27 19:22:05,11,0,91,7
2018-08-27 19:22:05,11,0,91,7
2018-08-27 19:22:05,11,0,91,7
2018-08-27 19:22:05,11,0,91,7
2018-08-27 19:22:05,11,0,91,7
2018-08-27 19:22:05,11,0,91,7
2018-08-27 19:22:05,11,0,91,7
2018-08-27 19:22:05,11,0,91,7
2018-08-27 19:22:05,11,0,91,7
2018-08-27 19:22:05,11,0,91,7
2018-08-27 19:22:05,11,0,91,7
2018-08-27 19:22:05,11,0,91,7
2018-08-27 19:22:05,11,0,91,7
2018-08-27 19:22:05,11,0,91,7
2018-08-27 19:22:05,11,0,91,7
2018-08-27 19:22:05,11,0,91,7
2018-08-27 19:22:05,11,0,91,7
2018-08-27 19:22:05,11,0,91,7
2018-08-27 19:22:05,11,0,91,7
2018-08-27 19:22:05,11,0,91,7
2018-08-27 19:22:05,11,0,91,7
2018-08-27 19:22:05,11,0,91,7
2018-08-27 19:22:05,11,0,91,7
2018-08-27 19:22:05,11,0,91,7
2018-08-27 19:22:05,11,0,91,7
2018-08-27 19:22:05,11,0,91,7
2018-08-27 19:22:05,11,0,91,7
2018-08-27 19:22:05,11,0,91,7
2018-08-27 19:22:05,11,0,91,7
2018-08-27 19:22:05,11,0,91,7
2018-08-27 19:22:05,11,0,91,7
2018-08-27 19:22:05,11,0,91,7
2018-08-27 19:22:05,11,0,91,7
2018-08-27 19:22:05,11,0,91,7
2018-08-27 19:22:05,11,0,91,7
2018-08-27 19:22:05,11,0,91,7
2018-08-27 19:22:05,11,0,91,7
2018-08-27 19:22:05,11,0,91,7
2018-08-27 19:22:05,11,0,91,7
2018-08-27 19:22:05,11,0,91,7
2018-08-27 19:22:05,11,0,91,7
2018-08-27 19:22:05,11,0,91,7
2018-08-27 19:22:05,11,0,91,7
2018-08-27 19:22:05,11,0,91,7
2018-08-27 19:22:05,11,0,91,7
2018-08-27 19:22:05,11,0,91,7
2018-08-27 19:22:05,11,0,91,7
2018-08-27 19:22:05,11,0,91,7
2018-08-27 19:22:05,11,0,91,7
2018-08-27 19:22:05,11,0,91,7
2018-08-27 19:22:05,11,0,91,7
2018-08-27 19:22:05,11,0,91,7
2018-08-27 19:22:05,11,0,91,7
2018-08-27 19:22:05,11,0,91,7
2018-08-27 19:22:05,11,0,91,7
2018-08-27 19:22:05,11,0,91,7
2018-08-27 19:22:05,11,0,91,7
2018-08-27 19:22:05,11,0,91,7
2018-08-27 19:22:05,11,0,91,7
2018-08-27 19:22:05,11,0,91,7
2018-08-27 19:22:05,11,0,91,7
2018-08-27 19:22:05,11,0,91,7
2018-08-27 19:22:05,11,0,91,7
2018-08-27 19:22:05,11,0,91,7
2018-08-27 19:22:05,11,0,91,7
2018-08-27 19:22:05,11,0,91,7
2018-08-27 19:22:05,11,0,91,7
2018-08-27 19:22:05,11,0,91,7
2018-08-27 19:22:05,11,0,91,7
2018-08-27 19:22:05,11,0,91,7
2018-08-27 19:22:05,11,0,91,7
2018-08-27 19:22:05,11,0,91,7
2018-08-27 19:22:05,11,0,91,7
2018-08-27 19:22:05,11,0,91,7
2018-08-27 19:22:05,11,0,91,7
2018-08-27 19:22:05,11,0,91,7
2018-08-27 19:22:05,11,0,91,7
2018-08-27 19:22:05,11,0,91,7
2018-08-27 19:22:05,11,0,91,7
2018-08-27 19:22:05,11,0,91,7
2018-08-27 19:22:05,11,0,91,7
2018-08-27 19:22:05,11,0,91,7
2018-08-27 19:22:05,11,0,91,7
2018-08-27 19:22:05,11,0,91,7
2018-08-27 19:22:05,11,0,91,7
2018-08-27 19:22:05,11,0,91,7
2018-08-27 19:22:05,11,0,91,7
2018-08-27 19:22:05,11,0,91,7
2018-08-27 19:22:05,11,0,91,7
2018-08-27 19:22:05,11,0,91,7
2018-08-27 19:22:05,11,0,91,7
2018-08-27 19:22:05,11,0,91,7
2018-08-27 19:22:05,11,0,91,7
2018-08-27 19:22:05,11,0,91,7
2018-08-27 19:22:05,11,0,91,7
2018-08-27 19:22:05,11,0,91,7
2018-08-27 19:22:05,11,0,91,7
2018-08-27 19:22:05,11,0,91,7
2018-08-27 19:22:05,11,0,91,7
2018-08-27 19:22:05,11,0,91,7
2018-08-27 19:22:05,11,0,91,7
2018-08-27 19:22:05,11,0,91,7
2018-08-27 19:22:05,11,0,91,7
2018-08-27 19:22:05,11,0,91,7
2018-08-27 19:22:05,11,0,91,7
2018-08-27 19:22:06,11,0,91,7
2018-08-27 19:22:06,11,0,91,7
2018-08-27 19:22:06,11,0,91,7
2018-08-27 19:22:06,11,0,91,7
2018-08-27 19:22:06,11,0,91,7
2018-08-27 19:22:06,11,0,91,7
2018-08-27 19:22:06,11,0,91,7
2018-08-27 19:22:06,11,0,91,7
2018-08-27 19:22:06,11,0,91,7
2018-08-27 19:22:06,11,0,91,7
2018-08-27 19:22:06,11,0,91,7
2018-08-27 19:22:06,11,0,91,7
2018-08-27 19:22:06,11,0,91,7
2018-08-27 19:22:06,11,0,91,7
2018-08-27 19:22:06,11,0,91,7
2018-08-27 19:22:06,11,0,91,7
2018-08-27 19:22:06,11,0,91,7
2018-08-27 19:22:06,11,0,91,7
2018-08-27 19:22:06,11,0,91,7
2018-08-27 19:22:06,11,0,91,7
2018-08-27 19:22:06,11,0,91,7
2018-08-27 19:22:06,11,0,91,7
2018-08-27 19:22:06,11,0,91,7
2018-08-27 19:22:06,11,0,91,7
2018-08-27 19:22:06,11,0,91,7
2018-08-27 19:22:06,11,0,91,7
2018-08-27 19:22:06,11,0,91,7
2018-08-27 19:22:06,11,0,91,7
2018-08-27 19:22:06,11,0,91,7
2018-08-27 19:22:06,11,0,91,7
2018-08-27 19:22:06,11,0,91,7
2018-08-27 19:22:06,11,0,91,7
2018-08-27 19:22:06,11,0,91,7
2018-08-27 19:22:06,11,0,91,7
2018-08-27 19:22:06,11,0,91,7
2018-08-27 19:22:06,11,0,91,7
2018-08-27 19:22:06,11,0,91,7
2018-08-27 19:22:06,11,0,91,7
2018-08-27 19:22:06,11,0,91,7
2018-08-27 19:22:06,11,0,91,7
2018-08-27 19:22:06,11,0,91,7
2018-08-27 19:22:06,11,0,91,7
2018-08-27 19:22:06,11,0,91,7
2018-08-27 19:22:06,11,0,91,7
2018-08-27 19:22:06,11,0,91,7
2018-08-27 19:22:06,11,0,91,7
2018-08-27 19:22:06,11,0,91,7
2018-08-27 19:22:06,11,0,91,7
2018-08-27 19:22:06,11,0,91,7
2018-08-27 19:22:06,11,0,91,7
2018-08-27 19:22:06,11,0,91,7
2018-08-27 19:22:06,11,0,91,7
2018-08-27 19:22:06,11,0,91,7
2018-08-27 19:22:06,11,0,91,7
2018-08-27 19:22:06,11,0,91,7
2018-08-27 19:22:06,11,0,91,7
2018-08-27 19:22:06,11,0,91,7
2018-08-27 19:22:06,11,0,91,7
2018-08-27 19:22:06,11,0,91,7
2018-08-27 19:22:06,11,0,91,7
2018-08-27 19:22:06,11,0,91,7
2018-08-27 19:22:06,11,0,91,7
2018-08-27 19:22:06,11,0,91,7
2018-08-27 19:22:06,11,0,91,7
2018-08-27 19:22:06,11,0,91,7
2018-08-27 19:22:06,11,0,91,7
2018-08-27 19:22:06,11,0,91,7
2018-08-27 19:22:06,11,0,91,7
2018-08-27 19:22:06,11,0,91,7
2018-08-27 19:22:06,11,0,91,7
2018-08-27 19:22:06,11,0,91,7
2018-08-27 19:22:06,11,0,91,7
2018-08-27 19:22:06,11,0,91,7
2018-08-27 19:22:06,11,0,91,7
2018-08-27 19:22:06,11,0,91,7
2018-08-27 19:22:06,11,0,91,7
2018-08-27 19:22:06,11,0,91,7
2018-08-27 19:22:06,11,0,91,7
2018-08-27 19:22:06,11,0,91,7
2018-08-27 19:22:06,11,0,91,7
2018-08-27 19:22:06,11,0,91,7
2018-08-27 19:22:06,11,0,91,7
2018-08-27 19:22:06,11,0,91,7
2018-08-27 19:22:06,11,0,91,7
2018-08-27 19:22:06,11,0,91,7
2018-08-27 19:22:06,11,0,91,7
2018-08-27 19:22:06,11,0,91,7
2018-08-27 19:22:06,11,0,91,7
2018-08-27 19:22:06,11,0,91,7
2018-08-27 19:22:06,11,0,91,7
2018-08-27 19:22:06,11,0,91,7
2018-08-27 19:22:06,11,0,91,7
2018-08-27 19:22:06,11,0,91,7
2018-08-27 19:22:06,11,0,91,7
2018-08-27 19:22:06,11,0,91,7
2018-08-27 19:22:06,11,0,91,7
2018-08-27 19:22:06,11,0,91,7
2018-08-27 19:22:06,11,0,91,7
2018-08-27 19:22:06,11,0,91,7
2018-08-27 19:22:06,11,0,91,7
2018-08-27 19:22:06,11,0,91,7
2018-08-27 19:22:06,11,0,91,7
2018-08-27 19:22:06,11,0,91,7
2018-08-27 19:22:06,11,0,91,7
2018-08-27 19:22:06,11,0,91,7
2018-08-27 19:22:06,11,0,91,7
2018-08-27 19:22:06,11,0,91,7
2018-08-27 19:22:06,11,0,91,7
2018-08-27 19:22:06,11,0,91,7
2018-08-27 19:22:06,11,0,91,7
2018-08-27 19:22:06,11,0,91,7
2018-08-27 19:22:06,11,0,91,7
2018-08-27 19:22:06,11,0,91,7
2018-08-27 19:22:06,11,0,91,7
2018-08-27 19:22:06,11,0,91,7
2018-08-27 19:22:06,11,0,91,7
2018-08-27 19:22:06,11,0,91,7
2018-08-27 19:22:07,11,0,91,7
2018-08-27 19:22:07,11,0,91,7
2018-08-27 19:22:07,11,0,91,7
2018-08-27 19:22:07,11,0,91,7
2018-08-27 19:22:07,11,0,91,7
2018-08-27 19:22:07,11,0,91,7
2018-08-27 19:22:07,11,0,91,7
2018-08-27 19:22:07,11,0,91,7
2018-08-27 19:22:07,11,0,91,7
2018-08-27 19:22:07,11,0,91,7
2018-08-27 19:22:07,11,0,91,7
2018-08-27 19:22:07,11,0,91,7
2018-08-27 19:22:07,11,0,91,7
2018-08-27 19:22:07,11,0,91,7
2018-08-27 19:22:07,11,0,91,7
2018-08-27 19:22:07,11,0,91,7
2018-08-27 19:22:07,11,0,91,7
2018-08-27 19:22:07,11,0,91,7
2018-08-27 19:22:07,11,0,91,7
2018-08-27 19:22:07,11,0,91,7
2018-08-27 19:22:07,11,0,91,7
2018-08-27 19:22:07,11,0,91,7
2018-08-27 19:22:07,11,0,91,7
2018-08-27 19:22:07,11,0,91,7
2018-08-27 19:22:07,11,0,91,7
2018-08-27 19:22:07,11,0,91,7
2018-08-27 19:22:07,11,0,91,7
2018-08-27 19:22:07,11,0,91,7
2018-08-27 19:22:07,11,0,91,7
2018-08-27 19:22:07,11,0,91,7
2018-08-27 19:22:07,11,0,91,7
2018-08-27 19:22:07,11,0,91,7
2018-08-27 19:22:07,11,0,91,7
2018-08-27 19:22:07,11,0,91,7
2018-08-27 19:22:07,11,0,91,7
2018-08-27 19:22:07,11,0,91,7
2018-08-27 19:22:07,11,0,91,7
2018-08-27 19:22:07,11,0,91,7
2018-08-27 19:22:07,11,0,91,7
2018-08-27 19:22:07,11,0,91,7
2018-08-27 19:22:07,11,0,91,7
2018-08-27 19:22:07,11,0,91,7
2018-08-27 19:22:07,11,0,91,7
2018-08-27 19:22:07,11,0,91,7
2018-08-27 19:22:07,11,0,91,7
2018-08-27 19:22:07,11,0,91,7
2018-08-27 19:22:07,11,0,91,7
2018-08-27 19:22:07,11,0,91,7
2018-08-27 19:22:07,11,0,91,7
2018-08-27 19:22:07,11,0,91,7
2018-08-27 19:22:07,11,0,91,7
2018-08-27 19:22:07,11,0,91,7
2018-08-27 19:22:07,11,0,91,7
2018-08-27 19:22:07,11,0,91,7
2018-08-27 19:22:07,11,0,91,7
2018-08-27 19:22:07,11,0,91,7
2018-08-27 19:22:07,11,0,91,7
2018-08-27 19:22:07,11,0,91,7
2018-08-27 19:22:07,11,0,91,7
2018-08-27 19:22:07,11,0,91,7
2018-08-27 19:22:07,11,0,91,7
2018-08-27 19:22:07,11,0,91,7
2018-08-27 19:22:07,11,0,91,7
2018-08-27 19:22:07,11,0,91,7
2018-08-27 19:22:07,11,0,91,7
2018-08-27 19:22:07,11,0,91,7
2018-08-27 19:22:07,11,0,91,7
2018-08-27 19:22:07,11,0,91,7
2018-08-27 19:22:07,11,0,91,7
2018-08-27 19:22:07,11,0,91,7
2018-08-27 19:22:07,11,0,91,7
2018-08-27 19:22:07,11,0,91,7
2018-08-27 19:22:07,11,0,91,7
2018-08-27 19:22:07,11,0,91,7
2018-08-27 19:22:07,11,0,91,7
2018-08-27 19:22:07,11,0,91,7
2018-08-27 19:22:07,11,0,91,7
2018-08-27 19:22:07,11,0,91,7
2018-08-27 19:22:07,11,0,91,7
2018-08-27 19:22:07,11,0,91,7
2018-08-27 19:22:07,11,0,91,7
2018-08-27 19:22:07,11,0,91,7
2018-08-27 19:22:07,11,0,91,7
2018-08-27 19:22:07,11,0,91,7
2018-08-27 19:22:07,11,0,91,7
2018-08-27 19:22:07,11,0,91,7
2018-08-27 19:22:07,11,0,91,7
2018-08-27 19:22:07,11,0,91,7
2018-08-27 19:22:07,11,0,91,7
2018-08-27 19:22:07,11,0,91,7
2018-08-27 19:22:07,11,0,91,7
2018-08-27 19:22:07,11,0,91,7
2018-08-27 19:22:07,11,0,91,7
2018-08-27 19:22:07,11,0,91,7
2018-08-27 19:22:07,11,0,91,7
2018-08-27 19:22:07,11,0,91,7
2018-08-27 19:22:07,11,0,91,7
2018-08-27 19:22:07,11,0,91,7
2018-08-27 19:22:07,11,0,91,7
2018-08-27 19:22:07,11,0,91,7
2018-08-27 19:22:07,11,0,91,7
2018-08-27 19:22:07,11,0,91,7
2018-08-27 19:22:07,11,0,91,7
2018-08-27 19:22:07,11,0,91,7
2018-08-27 19:22:07,11,0,91,7
2018-08-27 19:22:07,11,0,91,7
2018-08-27 19:22:07,11,0,91,7
2018-08-27 19:22:07,11,0,91,7
2018-08-27 19:22:07,11,0,91,7
2018-08-27 19:22:07,11,0,91,7
2018-08-27 19:22:07,11,0,91,7
2018-08-27 19:22:07,11,0,91,7
2018-08-27 19:22:07,11,0,91,7
2018-08-27 19:22:08,11,0,91,7
2018-08-27 19:22:08,11,0,91,7
2018-08-27 19:22:08,11,0,91,7
2018-08-27 19:22:08,11,0,91,7
2018-08-27 19:22:08,11,0,91,7
2018-08-27 19:22:08,11,0,91,7
2018-08-27 19:22:08,11,0,91,7
2018-08-27 19:22:08,11,0,91,7
2018-08-27 19:22:08,11,0,91,7
2018-08-27 19:22:08,11,0,91,7
2018-08-27 19:22:08,11,0,91,7
2018-08-27 19:22:08,11,0,91,7
2018-08-27 19:22:08,11,0,91,7
2018-08-27 19:22:08,11,0,91,7
2018-08-27 19:22:08,11,0,91,7
2018-08-27 19:22:08,11,0,91,7
2018-08-27 19:22:08,11,0,91,7
2018-08-27 19:22:08,11,0,91,7
2018-08-27 19:22:08,11,0,91,7
2018-08-27 19:22:08,11,0,91,7
2018-08-27 19:22:08,11,0,91,7
2018-08-27 19:22:08,11,0,91,7
2018-08-27 19:22:08,11,0,91,7
2018-08-27 19:22:08,11,0,91,7
2018-08-27 19:22:08,11,0,91,7
2018-08-27 19:22:08,11,0,91,7
2018-08-27 19:22:08,11,0,91,7
2018-08-27 19:22:08,11,0,91,7
2018-08-27 19:22:08,11,0,91,7
2018-08-27 19:22:08,11,0,91,7
2018-08-27 19:22:08,11,0,91,7
2018-08-27 19:22:08,11,0,91,7
2018-08-27 19:22:08,42,0,91,7
2018-08-27 19:22:08,39,0,91,7
2018-08-27 19:22:08,36,0,91,7
2018-08-27 19:22:08,34,0,91,7
2018-08-27 19:22:08,32,0,91,7
2018-08-27 19:22:08,31,0,91,7
2018-08-27 19:22:08,29,0,91,7
2018-08-27 19:22:08,28,0,91,7
2018-08-27 19:22:08,26,0,91,7
2018-08-27 19:22:08,25,0,91,7
2018-08-27 19:22:08,24,0,91,7
2018-08-27 19:22:08,23,0,91,7
2018-08-27 19:22:08,23,0,91,7
2018-08-27 19:22:08,22,0,91,7
2018-08-27 19:22:08,21,0,91,7
2018-08-27 19:22:08,21,0,91,7
2018-08-27 19:22:08,20,0,91,7
2018-08-27 19:22:08,20,0,91,7
2018-08-27 19:22:08,19,0,91,7
2018-08-27 19:22:08,19,0,91,7
2018-08-27 19:22:08,18,0,91,7
2018-08-27 19:22:08,18,0,91,7
2018-08-27 19:22:08,17,0,91,7
2018-08-27 19:22:08,17,0,91,7
2018-08-27 19:22:08,17,0,91,7
2018-08-27 19:22:08,17,0,91,7
2018-08-27 19:22:08,16,0,91,7
2018-08-27 19:22:08,16,0,91,7
2018-08-27 19:22:08,16,0,91,7
2018-08-27 19:22:08,16,0,91,7
2018-08-27 19:22:08,16,0,91,7
2018-08-27 19:22:08,15,0,91,7
2018-08-27 19:22:08,15,0,91,7
2018-08-27 19:22:08,15,0,91,7
2018-08-27 19:22:08,15,0,91,7
2018-08-27 19:22:08,15,0,91,7
2018-08-27 19:22:08,15,0,91,7
2018-08-27 19:22:08,14,0,91,7
2018-08-27 19:22:08,14,0,91,7
2018-08-27 19:22:08,14,0,91,7
2018-08-27 19:22:08,14,0,91,7
2018-08-27 19:22:08,14,0,91,7
2018-08-27 19:22:08,14,0,91,7
2018-08-27 19:22:08,14,0,91,7
2018-08-27 19:22:08,14,0,91,7
2018-08-27 19:22:08,14,0,91,7
2018-08-27 19:22:08,13,0,91,7
2018-08-27 19:22:08,13,0,91,7
2018-08-27 19:22:08,13,0,91,7
2018-08-27 19:22:08,13,0,91,7
2018-08-27 19:22:08,13,0,91,7
2018-08-27 19:22:08,13,0,91,7
2018-08-27 19:22:08,13,0,91,7
2018-08-27 19:22:08,13,0,91,7
2018-08-27 19:22:08,13,0,91,7
2018-08-27 19:22:08,13,0,91,7
2018-08-27 19:22:08,13,0,91,7
2018-08-27 19:22:08,13,0,91,7
2018-08-27 19:22:08,13,0,91,7
2018-08-27 19:22:08,13,0,91,7
2018-08-27 19:22:08,13,0,91,7
2018-08-27 19:22:08,13,0,91,7
2018-08-27 19:22:08,12,0,91,7
2018-08-27 19:22:08,12,0,91,7
2018-08-27 19:22:08,12,0,91,7
2018-08-27 19:22:08,12,0,91,7
2018-08-27 19:22:08,12,0,91,7
2018-08-27 19:22:08,12,0,91,7
2018-08-27 19:22:08,12,0,91,7
2018-08-27 19:22:08,12,0,91,7
2018-08-27 19:22:08,12,0,91,7
2018-08-27 19:22:08,12,0,91,7
2018-08-27 19:22:08,12,0,91,7
2018-08-27 19:22:08,12,0,91,7
2018-08-27 19:22:08,12,0,91,7
2018-08-27 19:22:08,12,0,91,7
2018-08-27 19:22:08,12,0,91,7
2018-08-27 19:22:08,12,0,91,7
2018-08-27 19:22:08,12,0,91,7
2018-08-27 19:22:08,12,0,91,7
2018-08-27 19:22:08,12,0,91,7
2018-08-27 19:22:08,12,0,91,7
2018-08-27 19:22:08,12,0,91,7
2018-08-27 19:22:08,12,0,91,7
2018-08-27 19:22:09,12,0,91,7
2018-08-27 19:22:09,12,0,91,7
2018-08-27 19:22:09,12,0,91,7
2018-08-27 19:22:09,12,0,91,7
2018-08-27 19:22:09,12,0,91,7
2018-08-27 19:22:09,12,0,91,7
2018-08-27 19:22:09,12,0,91,7
2018-08-27 19:22:09,12,0,91,7
2018-08-27 19:22:09,12,0,91,7
2018-08-27 19:22:09,12,0,91,7
2018-08-27 19:22:09,11,0,91,7
2018-08-27 19:22:09,11,0,91,7
2018-08-27 19:22:09,11,0,91,7
2018-08-27 19:22:09,11,0,91,7
2018-08-27 19:22:09,11,0,91,7
2018-08-27 19:22:09,11,0,91,7
2018-08-27 19:22:09,11,0,91,7
2018-08-27 19:22:09,11,0,91,7
2018-08-27 19:22:09,11,0,91,7
2018-08-27 19:22:09,11,0,91,7
2018-08-27 19:22:09,11,0,91,7
2018-08-27 19:22:09,11,0,91,7
2018-08-27 19:22:09,11,0,91,7
2018-08-27 19:22:09,11,0,91,7
2018-08-27 19:22:09,11,0,91,7
2018-08-27 19:22:09,11,0,91,7
2018-08-27 19:22:09,11,0,91,7
2018-08-27 19:22:09,11,0,91,7
2018-08-27 19:22:09,11,0,91,7
2018-08-27 19:22:09,11,0,91,7
2018-08-27 19:22:09,11,0,91,7
2018-08-27 19:22:09,11,0,91,7
2018-08-27 19:22:09,11,0,91,7
2018-08-27 19:22:09,11,0,91,7
2018-08-27 19:22:09,11,0,91,7
2018-08-27 19:22:09,11,0,91,7
2018-08-27 19:22:09,11,0,91,7
2018-08-27 19:22:09,11,0,91,7
2018-08-27 19:22:09,11,0,91,7
2018-08-27 19:22:09,11,0,91,7
2018-08-27 19:22:09,11,0,91,7
2018-08-27 19:22:09,11,0,91,7
2018-08-27 19:22:09,11,0,91,7
2018-08-27 19:22:09,11,0,91,7
2018-08-27 19:22:09,11,0,91,7
2018-08-27 19:22:09,11,0,91,7
2018-08-27 19:22:09,11,0,91,7
2018-08-27 19:22:09,11,0,91,7
2018-08-27 19:22:09,11,0,91,7
2018-08-27 19:22:09,11,0,91,7
2018-08-27 19:22:09,11,0,91,7
2018-08-27 19:22:09,11,0,91,7
2018-08-27 19:22:09,11,0,91,7
2018-08-27 19:22:09,11,0,91,7
2018-08-27 19:22:09,11,0,91,7
2018-08-27 19:22:09,11,0,91,7
2018-08-27 19:22:09,11,0,91,7
2018-08-27 19:22:09,11,0,91,7
2018-08-27 19:22:09,11,0,91,7
2018-08-27 19:22:09,11,0,91,7
2018-08-27 19:22:09,11,0,91,7
2018-08-27 19:22:09,11,0,91,7
2018-08-27 19:22:09,11,0,91,7
2018-08-27 19:22:09,11,0,91,7
2018-08-27 19:22:09,11,0,91,7
2018-08-27 19:22:09,11,0,91,7
2018-08-27 19:22:09,11,0,91,7
2018-08-27 19:22:09,11,0,91,7
2018-08-27 19:22:09,11,0,91,7
2018-08-27 19:22:09,11,0,91,7
2018-08-27 19:22:09,11,0,91,7
2018-08-27 19:22:09,11,0,91,7
2018-08-27 19:22:09,11,0,91,7
2018-08-27 19:22:09,11,0,91,7
2018-08-27 19:22:09,11,0,91,7
2018-08-27 19:22:09,11,0,91,7
2018-08-27 19:22:09,11,0,91,7
2018-08-27 19:22:09,11,0,91,7
2018-08-27 19:22:09,11,0,91,7
2018-08-27 19:22:09,11,0,91,7
2018-08-27 19:22:09,11,0,91,7
2018-08-27 19:22:09,11,0,91,7
2018-08-27 19:22:09,11,0,91,7
2018-08-27 19:22:09,11,0,91,7
2018-08-27 19:22:09,11,0,91,7
2018-08-27 19:22:09,11,0,91,7
2018-08-27 19:22:09,11,0,91,7
2018-08-27 19:22:09,11,0,91,7
2018-08-27 19:22:09,11,0,91,7
2018-08-27 19:22:09,11,0,91,7
2018-08-27 19:22:09,11,0,91,7
2018-08-27 19:22:09,11,0,91,7
2018-08-27 19:22:09,11,0,91,7
2018-08-27 19:22:09,11,0,91,7
2018-08-27 19:22:09,11,0,91,7
2018-08-27 19:22:09,11,0,91,7
2018-08-27 19:22:09,11,0,91,7
2018-08-27 19:22:09,11,0,91,7
2018-08-27 19:22:09,11,0,91,7
2018-08-27 19:22:09,11,0,91,7
2018-08-27 19:22:09,11,0,91,7
2018-08-27 19:22:09,11,0,91,7
2018-08-27 19:22:09,11,0,91,7
2018-08-27 19:22:09,11,0,91,7
2018-08-27 19:22:09,11,0,91,7
2018-08-27 19:22:09,11,0,91,7
2018-08-27 19:22:09,11,0,91,7
2018-08-27 19:22:09,11,0,91,7
2018-08-27 19:22:09,11,0,91,7
2018-08-27 19:22:09,11,0,91,7
2018-08-27 19:22:09,11,0,91,7
2018-08-27 19:22:09,11,0,91,7
2018-08-27 19:22:09,11,0,91,7
2018-08-27 19:22:09,11,0,91,7
2018-08-27 19:22:09,11,0,91,7
2018-08-27 19:22:09,11,0,91,7
2018-08-27 19:22:09,11,0,91,7
2018-08-27 19:22:10,11,0,91,7
2018-08-27 19:22:10,11,0,91,7
2018-08-27 19:22:10,11,0,91,7
2018-08-27 19:22:10,11,0,91,7
2018-08-27 19:22:10,11,0,91,7
2018-08-27 19:22:10,20,0,91,7
2018-08-27 19:22:10,39,0,91,7
2018-08-27 19:22:10,37,0,91,7
2018-08-27 19:22:10,35,0,91,7
2018-08-27 19:22:10,33,0,91,7
2018-08-27 19:22:10,31,0,91,7
2018-08-27 19:22:10,29,0,91,7
2018-08-27 19:22:10,28,0,91,7
2018-08-27 19:22:10,27,0,91,7
2018-08-27 19:22:10,26,0,91,7
2018-08-27 19:22:10,25,0,91,7
2018-08-27 19:22:10,24,0,91,7
2018-08-27 19:22:10,23,0,91,7
2018-08-27 19:22:10,22,0,91,7
2018-08-27 19:22:10,21,0,91,7
2018-08-27 19:22:10,21,0,91,7
2018-08-27 19:22:10,20,0,91,7
2018-08-27 19:22:10,20,0,91,7
2018-08-27 19:22:10,19,0,91,7
2018-08-27 19:22:10,19,0,91,7
2018-08-27 19:22:10,18,0,91,7
2018-08-27 19:22:10,18,0,91,7
2018-08-27 19:22:10,18,0,91,7
2018-08-27 19:22:10,17,0,91,7
2018-08-27 19:22:10,17,0,91,7
2018-08-27 19:22:10,17,0,91,7
2018-08-27 19:22:10,17,0,91,7
2018-08-27 19:22:10,16,0,91,7
2018-08-27 19:22:10,16,0,91,7
2018-08-27 19:22:10,16,0,91,7
2018-08-27 19:22:10,16,0,91,7
2018-08-27 19:22:10,15,0,91,7
2018-08-27 19:22:10,15,0,91,7
2018-08-27 19:22:10,15,0,91,7
2018-08-27 19:22:10,15,0,91,7
2018-08-27 19:22:10,15,0,91,7
2018-08-27 19:22:10,15,0,91,7
2018-08-27 19:22:10,14,0,91,7
2018-08-27 19:22:10,14,0,91,7
2018-08-27 19:22:10,14,0,91,7
2018-08-27 19:22:10,14,0,91,7
2018-08-27 19:22:10,14,0,91,7
2018-08-27 19:22:10,14,0,91,7
2018-08-27 19:22:10,14,0,91,7
2018-08-27 19:22:10,14,0,91,7
2018-08-27 19:22:10,14,0,91,7
2018-08-27 19:22:10,13,0,91,7
2018-08-27 19:22:10,13,0,91,7
2018-08-27 19:22:10,13,0,91,7
2018-08-27 19:22:10,13,0,91,7
2018-08-27 19:22:10,13,0,91,7
2018-08-27 19:22:10,13,0,91,7
2018-08-27 19:22:10,13,0,91,7
2018-08-27 19:22:10,13,0,91,7
2018-08-27 19:22:10,13,0,91,7
2018-08-27 19:22:10,13,0,91,7
2018-08-27 19:22:10,13,0,91,7
2018-08-27 19:22:10,13,0,91,7
2018-08-27 19:22:10,13,0,91,7
2018-08-27 19:22:10,13,0,91,7
2018-08-27 19:22:10,13,0,91,7
2018-08-27 19:22:10,13,0,91,7
2018-08-27 19:22:10,12,0,91,7
2018-08-27 19:22:10,12,0,91,7
2018-08-27 19:22:10,12,0,91,7
2018-08-27 19:22:10,12,0,91,7
2018-08-27 19:22:10,12,0,91,7
2018-08-27 19:22:10,12,0,91,7
2018-08-27 19:22:10,12,0,91,7
2018-08-27 19:22:10,12,0,91,7
2018-08-27 19:22:10,12,0,91,7
2018-08-27 19:22:10,12,0,91,7
2018-08-27 19:22:10,12,0,91,7
2018-08-27 19:22:10,12,0,91,7
2018-08-27 19:22:10,12,0,91,7
2018-08-27 19:22:10,12,0,91,7
2018-08-27 19:22:10,12,0,91,7
2018-08-27 19:22:10,12,0,91,7
2018-08-27 19:22:10,12,0,91,7
2018-08-27 19:22:10,12,0,91,7
2018-08-27 19:22:10,12,0,91,7
2018-08-27 19:22:10,12,0,91,7
2018-08-27 19:22:10,12,0,91,7
2018-08-27 19:22:10,12,0,91,7
2018-08-27 19:22:10,12,0,91,7
2018-08-27 19:22:10,12,0,91,7
2018-08-27 19:22:10,12,0,91,7
2018-08-27 19:22:10,12,0,91,7
2018-08-27 19:22:10,12,0,91,7
2018-08-27 19:22:10,12,0,91,7
2018-08-27 19:22:10,12,0,91,7
2018-08-27 19:22:10,12,0,91,7
2018-08-27 19:22:10,12,0,91,7
2018-08-27 19:22:10,12,0,91,7
2018-08-27 19:22:10,11,0,91,7
2018-08-27 19:22:10,11,0,91,7
2018-08-27 19:22:10,11,0,91,7
2018-08-27 19:22:10,11,0,91,7
2018-08-27 19:22:10,11,0,91,7
2018-08-27 19:22:10,11,0,91,7
2018-08-27 19:22:10,11,0,91,7
2018-08-27 19:22:10,11,0,91,7
2018-08-27 19:22:10,11,0,91,7
2018-08-27 19:22:10,11,0,91,7
2018-08-27 19:22:10,11,0,91,7
2018-08-27 19:22:10,11,0,91,7
2018-08-27 19:22:10,11,0,91,7
2018-08-27 19:22:10,11,0,91,7
2018-08-27 19:22:10,11,0,91,7
2018-08-27 19:22:10,11,0,91,7
2018-08-27 19:22:11,11,0,91,7
2018-08-27 19:22:11,11,0,91,7
2018-08-27 19:22:11,11,0,91,7
2018-08-27 19:22:11,11,0,91,7
2018-08-27 19:22:11,11,0,91,7
2018-08-27 19:22:11,11,0,91,7
2018-08-27 19:22:11,11,0,91,7
2018-08-27 19:22:11,11,0,91,7
2018-08-27 19:22:11,11,0,91,7
2018-08-27 19:22:11,11,0,91,7
2018-08-27 19:22:11,11,0,91,7
2018-08-27 19:22:11,11,0,91,7
2018-08-27 19:22:11,11,0,91,7
2018-08-27 19:22:11,11,0,91,7
2018-08-27 19:22:11,11,0,91,7
2018-08-27 19:22:11,11,0,91,7
2018-08-27 19:22:11,11,0,91,7
2018-08-27 19:22:11,11,0,91,7
2018-08-27 19:22:11,11,0,91,7
2018-08-27 19:22:11,11,0,91,7
2018-08-27 19:22:11,11,0,91,7
2018-08-27 19:22:11,11,0,91,7
2018-08-27 19:22:11,11,0,91,7
2018-08-27 19:22:11,11,0,91,7
2018-08-27 19:22:11,11,0,91,7
2018-08-27 19:22:11,11,0,91,7
2018-08-27 19:22:11,11,0,91,7
2018-08-27 19:22:11,11,0,91,7
2018-08-27 19:22:11,11,0,91,7
2018-08-27 19:22:11,11,0,91,7
2018-08-27 19:22:11,11,0,91,7
2018-08-27 19:22:11,11,0,91,7
2018-08-27 19:22:11,11,0,91,7
2018-08-27 19:22:11,11,0,91,7
2018-08-27 19:22:11,11,0,91,7
2018-08-27 19:22:11,11,0,91,7
2018-08-27 19:22:11,11,0,91,7
2018-08-27 19:22:11,11,0,91,7
2018-08-27 19:22:11,11,0,91,7
2018-08-27 19:22:11,11,0,91,7
2018-08-27 19:22:11,11,0,91,7
2018-08-27 19:22:11,11,0,91,7
2018-08-27 19:22:11,11,0,91,7
2018-08-27 19:22:11,11,0,91,7
2018-08-27 19:22:11,11,0,91,7
2018-08-27 19:22:11,11,0,91,7
2018-08-27 19:22:11,11,0,91,7
2018-08-27 19:22:11,11,0,91,7
2018-08-27 19:22:11,11,0,91,7
2018-08-27 19:22:11,11,0,91,7
2018-08-27 19:22:11,11,0,91,7
2018-08-27 19:22:11,11,0,91,7
2018-08-27 19:22:11,11,0,91,7
2018-08-27 19:22:11,11,0,91,7
2018-08-27 19:22:11,11,0,91,7
2018-08-27 19:22:11,11,0,91,7
2018-08-27 19:22:11,11,0,91,7
2018-08-27 19:22:11,1,0,91,7
2018-08-27 19:22:11,11,0,91,7
2018-08-27 19:22:11,11,0,91,7
2018-08-27 19:22:11,11,0,91,7
2018-08-27 19:22:11,11,0,91,7
2018-08-27 19:22:11,11,0,91,7
2018-08-27 19:22:11,11,0,91,7
2018-08-27 19:22:11,11,0,91,7
2018-08-27 19:22:11,93,1,91,7
2018-08-27 19:22:14,14,1,91,7
2018-08-27 19:22:17,93,1,91,7
2018-08-27 19:22:28,93,0,91,7
2018-08-27 19:22:28,93,1,91,7
2018-08-27 19:22:31,13,1,91,7
2018-08-27 19:22:34,93,1,91,7
2018-08-27 19:22:44,12,0,91,7
2018-08-27 19:22:44,12,0,91,7
2018-08-27 19:22:44,12,0,91,7
2018-08-27 19:22:44,12,0,91,7
2018-08-27 19:22:44,12,0,91,7
2018-08-27 19:22:44,12,0,91,7
2018-08-27 19:22:44,12,0,91,7
2018-08-27 19:22:44,12,0,91,7
2018-08-27 19:22:44,12,0,91,7
2018-08-27 19:22:45,12,0,91,7
2018-08-27 19:22:45,12,0,91,7
2018-08-27 19:22:45,12,0,91,7
2018-08-27 19:22:45,12,0,91,7
2018-08-27 19:22:45,12,0,91,7
2018-08-27 19:22:45,12,0,91,7
2018-08-27 19:22:45,12,0,91,7
2018-08-27 19:22:45,12,0,91,7
2018-08-27 19:22:45,12,0,91,7
2018-08-27 19:22:45,12,0,91,7
2018-08-27 19:22:45,12,0,91,7
2018-08-27 19:22:45,12,0,91,7
2018-08-27 19:22:45,12,0,91,7
2018-08-27 19:22:45,12,0,91,7
2018-08-27 19:22:45,12,0,91,7
2018-08-27 19:22:45,12,0,91,7
2018-08-27 19:22:45,12,0,91,7
2018-08-27 19:22:45,12,0,91,7
2018-08-27 19:22:45,12,0,91,7
2018-08-27 19:22:45,12,0,91,7
2018-08-27 19:22:45,12,0,91,7
2018-08-27 19:22:45,12,0,91,7
2018-08-27 19:22:45,12,0,91,7
2018-08-27 19:22:45,12,0,91,7
2018-08-27 19:22:45,12,0,91,7
2018-08-27 19:22:45,12,0,91,7
2018-08-27 19:22:45,12,0,91,7
2018-08-27 19:22:45,12,0,91,7
2018-08-27 19:22:45,12,0,91,7
2018-08-27 19:22:45,12,0,91,7
2018-08-27 19:22:45,12,0,91,7
2018-08-27 19:22:45,12,0,91,7
2018-08-27 19:22:45,12,0,91,7
2018-08-27 19:22:45,12,0,91,7
2018-08-27 19:22:45,12,0,91,7
2018-08-27 19:22:45,12,0,91,7
2018-08-27 19:22:45,12,0,91,7
2018-08-27 19:22:45,12,0,91,7
2018-08-27 19:22:45,12,0,91,7
2018-08-27 19:22:45,12,0,91,7
2018-08-27 19:22:45,12,0,91,7
2018-08-27 19:22:45,12,0,91,7
2018-08-27 19:22:45,12,0,91,7
2018-08-27 19:22:45,12,0,91,7
2018-08-27 19:22:45,12,0,91,7
2018-08-27 19:22:45,12,0,91,7
2018-08-27 19:22:45,12,0,91,7
2018-08-27 19:22:45,12,0,91,7
2018-08-27 19:22:45,12,0,91,7
2018-08-27 19:22:45,12,0,91,7
2018-08-27 19:22:45,12,0,91,7
2018-08-27 19:22:45,12,0,91,7
2018-08-27 19:22:45,12,0,91,7
2018-08-27 19:22:45,12,0,91,7
2018-08-27 19:22:45,12,0,91,7
2018-08-27 19:22:45,12,0,91,7
2018-08-27 19:22:45,12,0,91,7
2018-08-27 19:22:45,12,0,91,7
2018-08-27 19:22:45,12,0,91,7
2018-08-27 19:22:45,12,0,91,7
2018-08-27 19:22:45,12,0,91,7
2018-08-27 19:22:45,12,0,91,7
2018-08-27 19:22:45,12,0,91,7
2018-08-27 19:22:45,12,0,91,7
2018-08-27 19:22:45,12,0,91,7
2018-08-27 19:22:45,12,0,91,7
2018-08-27 19:22:45,12,0,91,7
2018-08-27 19:22:45,12,0,91,7
2018-08-27 19:22:45,12,0,91,7
2018-08-27 19:22:45,12,0,91,7
2018-08-27 19:22:45,12,0,91,7
2018-08-27 19:22:45,12,0,91,7
2018-08-27 19:22:45,12,0,91,7
2018-08-27 19:22:45,12,0,91,7
2018-08-27 19:22:45,12,0,91,7
2018-08-27 19:22:45,12,0,91,7
2018-08-27 19:22:45,12,0,91,7
2018-08-27 19:22:45,12,0,91,7
2018-08-27 19:22:45,12,0,91,7
2018-08-27 19:22:45,12,0,91,7
2018-08-27 19:22:45,12,0,91,7
2018-08-27 19:22:45,12,0,91,7
2018-08-27 19:22:45,12,0,91,7
2018-08-27 19:22:45,12,0,91,7
2018-08-27 19:22:45,12,0,91,7
2018-08-27 19:22:45,12,0,91,7
2018-08-27 19:22:45,12,0,91,7
2018-08-27 19:22:45,12,0,91,7
2018-08-27 19:22:45,12,0,91,7
2018-08-27 19:22:45,12,0,91,7
2018-08-27 19:22:45,12,0,91,7
2018-08-27 19:22:45,12,0,91,7
2018-08-27 19:22:45,12,0,91,7
2018-08-27 19:22:45,12,0,91,7
2018-08-27 19:22:45,12,0,91,7
2018-08-27 19:22:45,12,0,91,7
2018-08-27 19:22:45,12,0,91,7
2018-08-27 19:22:45,12,0,91,7
2018-08-27 19:22:45,12,0,91,7
2018-08-27 19:22:45,12,0,91,7
2018-08-27 19:22:45,12,0,91,7
2018-08-27 19:22:45,12,0,91,7
2018-08-27 19:22:45,12,0,91,7
2018-08-27 19:22:45,12,0,91,7
2018-08-27 19:22:45,12,0,91,7
2018-08-27 19:22:45,12,0,91,7
2018-08-27 19:22:45,12,0,91,7
2018-08-27 19:22:45,12,0,91,7
2018-08-27 19:22:45,12,0,91,7
2018-08-27 19:22:45,12,0,91,7
2018-08-27 19:22:45,12,0,91,7
2018-08-27 19:22:45,12,0,91,7
2018-08-27 19:22:45,12,0,91,7
2018-08-27 19:22:45,12,0,91,7
2018-08-27 19:22:45,12,0,91,7
2018-08-27 19:22:45,12,0,91,7
2018-08-27 19:22:45,12,0,91,7
2018-08-27 19:22:45,12,0,91,7
2018-08-27 19:22:45,12,0,91,7
2018-08-27 19:22:46,12,0,91,7
2018-08-27 19:22:46,12,0,91,7
2018-08-27 19:22:46,12,0,91,7
2018-08-27 19:22:46,12,0,91,7
2018-08-27 19:22:46,12,0,91,7
2018-08-27 19:22:46,12,0,91,7
2018-08-27 19:22:46,12,0,91,7
2018-08-27 19:22:46,12,0,91,7
2018-08-27 19:22:46,12,0,91,7
2018-08-27 19:22:46,12,0,91,7
2018-08-27 19:22:46,12,0,91,7
2018-08-27 19:22:46,12,0,91,7
2018-08-27 19:22:46,12,0,91,7
2018-08-27 19:22:46,12,0,91,7
2018-08-27 19:22:46,12,0,91,7
2018-08-27 19:22:46,12,0,91,7
2018-08-27 19:22:46,12,0,91,7
2018-08-27 19:22:46,12,0,91,7
2018-08-27 19:22:46,12,0,91,7
2018-08-27 19:22:46,12,0,91,7
2018-08-27 19:22:46,12,0,91,7
2018-08-27 19:22:46,12,0,91,7
2018-08-27 19:22:46,12,0,91,7
2018-08-27 19:22:46,12,0,91,7
2018-08-27 19:22:46,12,0,91,7
2018-08-27 19:22:46,12,0,91,7
2018-08-27 19:22:46,12,0,91,7
2018-08-27 19:22:46,12,0,91,7
2018-08-27 19:22:46,12,0,91,7
2018-08-27 19:22:46,12,0,91,7
2018-08-27 19:22:46,12,0,91,7
2018-08-27 19:22:46,12,0,91,7
2018-08-27 19:22:46,12,0,91,7
2018-08-27 19:22:46,12,0,91,7
2018-08-27 19:22:46,12,0,91,7
2018-08-27 19:22:46,12,0,91,7
2018-08-27 19:22:46,12,0,91,7
2018-08-27 19:22:46,12,0,91,7
2018-08-27 19:22:46,12,0,91,7
2018-08-27 19:22:46,12,0,91,7
2018-08-27 19:22:46,12,0,91,7
2018-08-27 19:22:46,12,0,91,7
2018-08-27 19:22:46,12,0,91,7
2018-08-27 19:22:46,12,0,91,7
2018-08-27 19:22:46,12,0,91,7
2018-08-27 19:22:46,12,0,91,7
2018-08-27 19:22:46,12,0,91,7
2018-08-27 19:22:46,12,0,91,7
2018-08-27 19:22:46,12,0,91,7
2018-08-27 19:22:46,12,0,91,7
2018-08-27 19:22:46,12,0,91,7
2018-08-27 19:22:46,12,0,91,7
2018-08-27 19:22:46,12,0,91,7
2018-08-27 19:22:46,12,0,91,7
2018-08-27 19:22:46,12,0,91,7
2018-08-27 19:22:46,12,0,91,7
2018-08-27 19:22:46,12,0,91,7
2018-08-27 19:22:46,12,0,91,7
2018-08-27 19:22:46,12,0,91,7
2018-08-27 19:22:46,12,0,91,7
2018-08-27 19:22:46,12,0,91,7
2018-08-27 19:22:46,12,0,91,7
2018-08-27 19:22:46,12,0,91,7
2018-08-27 19:22:46,12,0,91,7
2018-08-27 19:22:46,12,0,91,7
2018-08-27 19:22:46,12,0,91,7
2018-08-27 19:22:46,12,0,91,7
2018-08-27 19:22:46,12,0,91,7
2018-08-27 19:22:46,12,0,91,7
2018-08-27 19:22:46,12,0,91,7
2018-08-27 19:22:46,12,0,91,7
2018-08-27 19:22:46,12,0,91,7
2018-08-27 19:22:46,12,0,91,7
2018-08-27 19:22:46,12,0,91,7
2018-08-27 19:22:46,12,0,91,7
2018-08-27 19:22:46,12,0,91,7
2018-08-27 19:22:46,12,0,91,7
2018-08-27 19:22:46,12,0,91,7
2018-08-27 19:22:46,12,0,91,7
2018-08-27 19:22:46,12,0,91,7
2018-08-27 19:22:46,12,0,91,7
2018-08-27 19:22:46,11,0,91,7
2018-08-27 19:22:46,12,0,91,7
2018-08-27 19:22:46,11,0,91,7
2018-08-27 19:22:46,12,0,91,7
2018-08-27 19:22:46,11,0,91,7
2018-08-27 19:22:46,11,0,91,7
2018-08-27 19:22:46,11,0,91,7
2018-08-27 19:22:46,11,0,91,7
2018-08-27 19:22:46,12,0,91,7
2018-08-27 19:22:46,12,0,91,7
2018-08-27 19:22:46,74,0,91,7
2018-08-27 19:22:46,93,1,91,7
